Track URI,Track Name,Album Name,Artist Name(s),Release Date,Duration (ms),Popularity,Explicit,Added By,Added At,Genres,Record Label,Danceability,Energy,Key,Loudness,Mode,Speechiness,Acousticness,Instrumentalness,Liveness,Valence,Tempo,Time Signature
spotify:track:7aVnwwQOMn08cp9CQlTWgu,"OK!OK!OK!","kidsgonemad!","ISOxo;Wavedash",2023-10-20,181714,34,false,31o6l24xwp6e7qsibmssjwipihoe,2025-11-10T15:47:57Z,"bass house,edm trap,edm,dubstep,future bass","88rising Music",0.514,0.994,5,-1.394,0,0.33,0.000473,0.298,0.337,0.0993,139.937,4
spotify:track:19X1yhvMTLxwnLF4Onr2bG,"kidsgonemad!","kidsgonemad!","ISOxo",2023-10-20,124800,46,true,31o6l24xwp6e7qsibmssjwipihoe,2025-11-10T15:47:57Z,"bass house,edm trap,edm","88rising Music",0.523,0.995,10,-2.008,1,0.35,0.000954,0.0172,0.915,0.282,150.182,4
spotify:track:60tToQgGBi2ZxHLMqkcy5h,"dontstopme!","kidsgonemad!","ISOxo",2023-10-20,221142,48,false,31o6l24xwp6e7qsibmssjwipihoe,2025-11-10T15:47:57Z,"bass house,edm trap,edm","88rising Music",0.631,0.988,2,-1.525,1,0.0704,0.00106,0.00532,0.734,0.209,139.988,4
spotify:track:1PmOnQbxwpLGvUk9jEDvbI,"MOONSPELL","kidsgonemad!","ISOxo",2023-10-20,181714,38,false,31o6l24xwp6e7qsibmssjwipihoe,2025-11-10T15:47:57Z,"bass house,edm trap,edm","88rising Music",0.675,0.865,1,-5.773,1,0.0326,0.317,0.111,0.0532,0.334,139.995,4
spotify:track:2fga4JgHuq91W9HiTfo9GC,"how2fly","kidsgonemad!","ISOxo",2023-10-20,241714,51,false,31o6l24xwp6e7qsibmssjwipihoe,2025-11-10T15:47:57Z,"bass house,edm trap,edm","88rising Music",0.561,0.95,10,-3.11,1,0.0537,0.061,0.00519,0.115,0.0467,139.926,4
spotify:track:0xDSZ754ZOdthmF784uuE5,"feel U luv Me","feel U luv Me","Knock2",2024-09-27,234158,51,false,31o6l24xwp6e7qsibmssjwipihoe,2025-11-10T15:47:57Z,"bass house,edm,bassline","88rising Music",0.655,0.944,11,-2.995,0,0.0821,0.0969,0.0311,0.178,0.287,130.035,4
spotify:track:0dAfw35k2hBsnbSl74AVJF,"dashstar*","dashstar*","Knock2",2021-02-05,198095,58,false,31o6l24xwp6e7qsibmssjwipihoe,2025-11-10T15:47:57Z,"bass house,edm,bassline","NIGHTMODE",0.699,0.949,9,-2.994,1,0.0739,0.00872,0.328,0.151,0.186,126.07,4
spotify:track:0NFmxRKCW4FoJkn70k54CE,"come aliv3","come aliv3","RL Grime;Knock2;Abi Flynn",2024-12-06,207428,54,false,31o6l24xwp6e7qsibmssjwipihoe,2025-11-10T15:47:57Z,"edm trap,bass house,edm,bassline","88rising Music / Sable Valley Records",0.576,0.985,2,-3.905,0,0.0915,0.00817,0.694,0.2,0.152,140.054,4
spotify:track:5rzHkSHRyZUdQcCX6noFDB,"SMACK TALK","SMACK TALK","ISOxo;Knock2;RL Grime;ISOKNOCK",2024-06-28,240000,56,false,31o6l24xwp6e7qsibmssjwipihoe,2025-11-10T15:47:57Z,"bass house,edm trap,edm,bassline","88rising Music",0.46,0.959,10,-2.096,1,0.096,0.00688,0.956,0.12,0.183,140.071,4
spotify:track:0kQYkvIoFAKu1Qbw7R8pNc,"What's the Move (feat. General Degree)","What's the Move (feat. General Degree)","Henry Fong;Knock2;General Degree",2020-07-17,169076,46,false,31o6l24xwp6e7qsibmssjwipihoe,2025-11-10T15:47:57Z,"bass house,moombahton,melbourne bounce,electro house,big room,edm,bassline,dancehall,ragga,reggae","Dim Mak Records",0.652,0.987,11,-1.658,1,0.0948,0.00874,0.363,0.313,0.426,129.952,4
spotify:track:5GEAKD9oEgIMaxJSAfxwNB,"gettin' hott","gettin' hott","Knock2",2022-04-29,224761,56,false,31o6l24xwp6e7qsibmssjwipihoe,2025-11-10T15:47:57Z,"bass house,edm,bassline","NIGHTMODE",0.63,0.961,1,-3.754,0,0.0543,0.000644,0.779,0.723,0.542,125.98,4
spotify:track:1rFjOggo1LDoT6wqX41baU,"One Chance","One Chance","Knock2;NGHTMRE;Marlhy",2023-07-07,220952,51,false,31o6l24xwp6e7qsibmssjwipihoe,2025-11-10T15:47:57Z,"bass house,edm,bassline,dubstep,edm trap","88rising Music",0.657,0.858,7,-4.755,1,0.0457,0.112,0.0777,0.252,0.205,126.041,4
spotify:track:2lI0NirbWze2kWcIsB7Nqo,"SIGNAL","4EVR","ISOKNOCK;ISOxo;Knock2;London Mars",2024-08-01,203571,46,true,31o6l24xwp6e7qsibmssjwipihoe,2025-11-10T15:47:57Z,"bass house,edm trap,edm,bassline","88rising Music",0.466,0.931,2,-1.573,1,0.0795,0.00633,0.158,0.308,0.152,139.973,4
spotify:track:5RBTjQItQs9STLQVOr1xOW,"Stacks","Floorspace","Juelz;24hrs",2023-06-23,276481,25,false,31o6l24xwp6e7qsibmssjwipihoe,2025-11-10T15:47:57Z,"edm trap,future bass","Sable Valley Records",0.643,0.96,2,-2.791,1,0.0689,0.00154,0.193,0.455,0.0979,125.039,4
spotify:track:3iepWZHTfveoRxmvcMwybb,"Freaks & Geeks","Floorspace","Juelz",2023-06-23,198270,28,false,31o6l24xwp6e7qsibmssjwipihoe,2025-11-10T15:47:57Z,"edm trap,future bass","Sable Valley Records",0.498,0.934,8,-1.962,0,0.225,0.0367,0.000064,0.111,0.428,136.123,4
spotify:track:22MhBYZLNCiV6U8XjdnPuf,"2HEARTs (ISOxo Remix)","niteharts","Knock2;ISOxo",2022-10-28,184615,40,false,31o6l24xwp6e7qsibmssjwipihoe,2025-11-10T15:47:57Z,"bass house,edm,bassline,edm trap","Sable Valley Records",0.59,0.989,10,-0.042,0,0.0804,0.0635,0.000303,0.0677,0.368,130.168,4
spotify:track:3ZdIrbFwrdN4xU2N8R4NhW,"SAY (ISOxo Remix)","niteharts","Knock2;ISOxo",2022-10-28,158769,34,false,31o6l24xwp6e7qsibmssjwipihoe,2025-11-10T15:47:57Z,"bass house,edm,bassline,edm trap","Sable Valley Records",0.628,0.985,6,0,0,0.0776,0.0219,0.513,0.0661,0.144,130.096,4
spotify:track:2A3eCsmsW5ztqItagBLCVP,"4EVR","4EVR","ISOKNOCK;ISOxo;Knock2;cade clair",2024-08-01,195428,51,false,31o6l24xwp6e7qsibmssjwipihoe,2025-11-10T15:47:57Z,"bass house,edm trap,edm,bassline,hyperpop,jersey club","88rising Music",0.555,0.924,8,-3.13,1,0.0451,0.00589,0.000232,0.107,0.04,139.967,4
spotify:track:25Asxh6HQeYazQ1bEafNk4,"rookie","nolimit","Knock2;SAYAK DAS",2025-01-17,223000,43,true,31o6l24xwp6e7qsibmssjwipihoe,2025-11-10T15:47:57Z,"bass house,edm,bassline","88rising Music",0.618,0.88,1,-4.691,1,0.246,0.0106,0.0197,0.701,0.325,131.991,4
spotify:track:0AdQigPVEFZrgzdBGHEnuC,"shake!the!city!","nolimit","Knock2;Naliya",2025-01-17,196129,49,false,31o6l24xwp6e7qsibmssjwipihoe,2025-11-10T15:47:57Z,"bass house,edm,bassline","88rising Music",0.76,0.882,1,-3.828,1,0.0429,0.00139,0.136,0.589,0.507,131.985,4
spotify:track:1Ox9wm23PPkBUPLzKYekgY,"ready 2","nolimit","Knock2",2025-01-17,166913,40,true,31o6l24xwp6e7qsibmssjwipihoe,2025-11-10T15:47:57Z,"bass house,edm,bassline","88rising Music",0.591,0.957,9,-3.046,1,0.122,0.004,0.00459,0.85,0.44,144.934,4
spotify:track:6Kjt1bFzoH14FrfkwsmKuH,"nolimit","nolimit","Knock2;Lauren LaRue",2025-01-17,155942,39,true,31o6l24xwp6e7qsibmssjwipihoe,2025-11-10T15:47:57Z,"bass house,edm,bassline","88rising Music",0.488,0.773,6,-5.175,1,0.0454,0.0462,0.00729,0.104,0.0762,131.994,4
spotify:track:6S8oLA2FJ5AnR6XXMcOyZh,"Click (Knock2 Remix)","niteharts","ISOxo;Knock2",2022-10-28,190238,41,false,31o6l24xwp6e7qsibmssjwipihoe,2025-11-10T15:47:57Z,"bass house,edm trap,edm,bassline","Sable Valley Records",0.727,0.983,10,-1.168,0,0.0325,0.0072,0.726,0.132,0.341,126.018,4
spotify:track:68V8nkmtQAnQ1daNWc9sFO,"crank the bass, play the muzik","nolimit","Knock2",2025-01-17,208086,50,true,31o6l24xwp6e7qsibmssjwipihoe,2025-11-10T15:47:57Z,"bass house,edm,bassline","88rising Music",0.705,0.935,8,-4.665,0,0.134,0.00447,0.000725,0.605,0.436,131.944,4
spotify:track:23bMrDNmqXJYfe8cY6Sw49,"fw me (dirty)","nolimit","Knock2;Rhea Raj",2025-01-17,170201,42,true,31o6l24xwp6e7qsibmssjwipihoe,2025-11-10T15:47:57Z,"bass house,edm,bassline,dark r&b","88rising Music",0.802,0.923,1,-4.217,1,0.117,0.0217,0.129,0.108,0.621,129.982,4
spotify:track:55uf1FtsrO1C1pQU457O5h,"select@","nolimit","Knock2",2025-01-17,164139,45,false,31o6l24xwp6e7qsibmssjwipihoe,2025-11-10T15:47:57Z,"bass house,edm,bassline","88rising Music",0.563,0.871,6,-4.202,0,0.211,0.00308,0.00302,0.115,0.5,173.996,4
spotify:track:3M8ih79hxAhMu8anoZO74o,"shyne 4 me (feat. PIAO)","nolimit","Knock2;Warren Hue;Holly;PIAO",2025-01-17,270163,39,false,31o6l24xwp6e7qsibmssjwipihoe,2025-11-10T15:47:57Z,"bass house,edm,bassline,drumstep,bass music,hyperpop","88rising Music",0.533,0.976,5,-5.727,0,0.0751,0.00667,0.231,0.12,0.0734,135.993,4
spotify:track:0ZvxJkVOn6o3ivrARv83XV,"fast n slow","nolimit","Knock2;Vedo",2025-01-17,171124,37,false,31o6l24xwp6e7qsibmssjwipihoe,2025-11-10T15:47:57Z,"bass house,edm,bassline","88rising Music",0.808,0.814,8,-5.014,1,0.105,0.0828,0.00000805,0.353,0.417,135.01,4
spotify:track:22V4wHK29PT5JFvi1aDg7Q,"my melody","nolimit","Knock2;Sophia Gripari",2025-01-17,156144,38,false,31o6l24xwp6e7qsibmssjwipihoe,2025-11-10T15:47:57Z,"bass house,edm,bassline","88rising Music",0.594,0.844,11,-4.342,1,0.0605,0.264,0.0475,0.14,0.322,169.941,4
spotify:track:7EZzLjvLJlAbOixtiExeE8,"hold my hand","nolimit","Knock2;Sophia Gripari",2025-01-17,266246,43,false,31o6l24xwp6e7qsibmssjwipihoe,2025-11-10T15:47:57Z,"bass house,edm,bassline","88rising Music",0.505,0.842,0,-4.044,0,0.0496,0.0473,0.0283,0.115,0.223,127.918,5
spotify:track:6QsiX1NtqhakBxWaNYmInW,"day1s","nolimit","Knock2;Bee-B;XAELO",2025-01-17,187173,37,false,31o6l24xwp6e7qsibmssjwipihoe,2025-11-10T15:47:57Z,"bass house,edm,bassline","88rising Music",0.63,0.908,5,-6.91,0,0.154,0.0498,0.00175,0.336,0.129,141.959,4
spotify:track:4aiIC5QqNtzPQcjzvB06sp,"Fade Together","Fade Together","it's murph",2024-10-25,300524,54,false,31o6l24xwp6e7qsibmssjwipihoe,2025-11-10T15:47:57Z,"stutter house,house","Sonic Café",0.643,0.798,6,-3.92,1,0.237,0.168,0.487,0.106,0.125,126.92,4
spotify:track:1rlPXuxUk4t8xVS05Uab4G,"Losing Control","Losing Control","Odd Mob;OMNOM",2023-09-15,165335,59,false,31o6l24xwp6e7qsibmssjwipihoe,2025-11-10T15:47:57Z,"tech house,bass house","Experts Only",0.711,0.748,0,-6.524,1,0.0521,0.0493,0.765,0.316,0.254,134.014,4
spotify:track:32VIrOsJmwvqRm4rWFBCsi,"Shiver","Comfort In Chaos","John Summit;HAYLA",2024-07-12,234330,73,false,31o6l24xwp6e7qsibmssjwipihoe,2025-11-10T15:47:57Z,"house,tech house","Experts Only/Darkroom Records",0.539,0.92,4,-4.729,0,0.0341,0.00158,0.0000682,0.16,0.0565,126.999,4
spotify:track:4qDpLaFGf5ampf2DXD2TMA,"Where You Are","Where You Are","John Summit;HAYLA",2023-03-03,236000,70,false,31o6l24xwp6e7qsibmssjwipihoe,2025-11-10T15:47:57Z,"house,tech house","Experts Only/Darkroom Records",0.567,0.83,9,-6.402,0,0.0349,0.00879,0.0105,0.529,0.0726,126.04,4
spotify:track:4CfcXnwLf2MUfnjCnqUMvj,"Go Back (feat. Julia Church)","Comfort In Chaos","John Summit;Sub Focus;Julia Church",2024-07-12,220538,70,false,31o6l24xwp6e7qsibmssjwipihoe,2025-11-10T15:47:57Z,"house,tech house,drum and bass,liquid funk","Experts Only/Darkroom Records",0.393,0.923,7,-1.726,0,0.0611,0.162,0.000214,0.108,0.0606,136.079,4
spotify:track:2lWc1iJlz2NVcStV5fbtPG,"Clouds","Clouds","BUNT.;Nate Traveller",2023-01-13,158760,67,false,31o6l24xwp6e7qsibmssjwipihoe,2025-11-10T15:47:57Z,"stutter house","Arista Records",0.7,0.748,9,-8.16,0,0.0771,0.226,0.796,0.104,0.154,130.056,4
spotify:track:7u0fz3V6cYeYTX91DMmIvQ,"Food for the Soul","Food for the Soul","it's murph",2023-02-17,210562,67,false,31o6l24xwp6e7qsibmssjwipihoe,2025-11-10T15:47:57Z,"stutter house,house","Sonic Café",0.655,0.714,7,-7.78,0,0.0572,0.0512,0.48,0.32,0.131,123.002,4
spotify:track:0FBdJP7yzvq88bG1keGgt4,"High and I Like it","High and I Like it","it's murph;Evalyn",2023-12-01,223379,64,false,31o6l24xwp6e7qsibmssjwipihoe,2025-11-10T15:47:57Z,"stutter house,house","Darkroom Records",0.815,0.753,1,-4.761,1,0.0555,0.0713,0.272,0.0793,0.637,127.992,1
spotify:track:0kPinv7EQdh8498Pzts6te,"i promise","KGM (irl)*","ISOxo",2024-10-18,204193,38,false,31o6l24xwp6e7qsibmssjwipihoe,2025-11-10T15:47:57Z,"bass house,edm trap,edm","88rising Music",0.608,0.952,10,-3.487,0,0.0348,0.00259,0.0248,0.13,0.11,123.97,4
spotify:track:2FAZskT9yRjp2Oow9szJD8,"The Days - NOTION Remix","The Days (NOTION Remix)","Chrystal;NOTION",2024-11-08,233229,86,false,31o6l24xwp6e7qsibmssjwipihoe,2025-11-10T15:47:57Z,"bassline,bass house,uk garage,drum and bass","Polydor Records",0.62,0.843,6,-5.321,0,0.0844,0.0062,0.00000463,0.55,0.237,137.812,4
spotify:track:5PkWhNfVEz2O9n8b6cQFMw,"Rock Ur World","ROOM202 EP","Knock2;fussy",2023-01-27,281066,57,false,31o6l24xwp6e7qsibmssjwipihoe,2025-11-10T15:47:57Z,"bass house,edm,bassline","NIGHTMODE",0.669,0.912,8,-3.753,0,0.0613,0.0862,0.00135,0.566,0.289,125.98,4
spotify:track:3Y0FFtcmxdGkrCKnvuOs5q,"TROUBLE","4EVR","ISOKNOCK;ISOxo;Knock2",2024-08-01,170571,44,true,31o6l24xwp6e7qsibmssjwipihoe,2025-11-10T15:47:57Z,"bass house,edm trap,edm,bassline","88rising Music",0.628,0.974,9,-0.51,1,0.0565,0.0172,0.0445,0.371,0.305,129.975,4
spotify:track:0WdxhkZSlDS4HLA3Ly2oQ8,"Beam (Knock2 Remix)","niteharts","ISOxo;Knock2",2022-10-28,293447,44,false,31o6l24xwp6e7qsibmssjwipihoe,2025-11-10T15:47:57Z,"bass house,edm trap,edm,bassline","Sable Valley Records",0.675,0.982,8,-1.063,0,0.0952,0.179,0.565,0.0777,0.0823,126.003,4
spotify:track:1YDsZEqxpfWx6H8lKAAVTy,"SPEAK up! (ISOxo Remix)","niteharts","Knock2;ISOxo",2022-10-28,190285,39,false,31o6l24xwp6e7qsibmssjwipihoe,2025-11-10T15:47:57Z,"bass house,edm,bassline,edm trap","Sable Valley Records",0.625,0.973,0,-1.833,1,0.136,0.0118,0.276,0.324,0.315,140.052,4
spotify:track:5ekfEEnkAHxrn2KNvyZg7E,"buttons!","buttons!","Knock2;Dillon Francis",2023-09-22,239047,32,true,31o6l24xwp6e7qsibmssjwipihoe,2025-11-10T15:47:57Z,"bass house,edm,bassline,moombahton","88rising Music",0.731,0.953,11,-4.703,0,0.0699,0.0076,0.793,0.327,0.337,126.013,4
spotify:track:5dsOyRsaC8y7tQ9IXtuXca,"STARsound (pt2)","KGM (irl)*","ISOxo;fussy",2024-10-18,160000,45,true,31o6l24xwp6e7qsibmssjwipihoe,2025-11-10T15:47:57Z,"bass house,edm trap,edm","88rising Music",0.493,0.793,2,-2.166,0,0.0393,0.102,0,0.419,0.0671,135.075,4
spotify:track:0hifwrIIj8dehC66ygYodh,"Formula","Formula","RL Grime;Juelz",2019-11-22,210389,46,false,31o6l24xwp6e7qsibmssjwipihoe,2025-11-10T15:47:57Z,"edm trap,future bass","Sable Valley Records",0.196,0.977,9,-2.889,1,0.346,0.0355,0.577,0.119,0.0423,74.405,4
spotify:track:6o3a9F1OMih1khNas3Xmzc,"Light Within","Melancore","Juelz",2024-05-30,480000,3,false,31o6l24xwp6e7qsibmssjwipihoe,2025-11-10T15:47:57Z,"psytrance","Zenon Records",0.698,0.58,2,-9.263,1,0.0347,0.0593,0.842,0.137,0.199,132.021,4
spotify:track:5htbFg1uWdIGM3yPewWPoH,"Rewind (Set Me Off)","Floorspace","Juelz",2023-06-23,189489,26,false,31o6l24xwp6e7qsibmssjwipihoe,2025-11-10T15:47:57Z,"edm trap,future bass","Sable Valley Records",0.499,0.985,1,-2.824,0,0.217,0.000385,0.528,0.122,0.372,147.037,4
spotify:track:3B06Gf1WqbgpZ8dBl1b5xd,"Drifting in the Dark","Drifting in the Dark","RemK",2024-06-14,171428,22,false,31o6l24xwp6e7qsibmssjwipihoe,2025-11-10T15:47:57Z,"edm trap","On The Coast",0.657,0.623,2,-5.382,0,0.0544,0.382,0.168,0.259,0.227,132.989,4
spotify:track:6oWmcKVK6atTCoWVYTdSg1,"Dreamin (feat. Daya)","Dreamin (feat. Daya)","Dom Dolla;Daya",2025-02-07,171526,72,false,31o6l24xwp6e7qsibmssjwipihoe,2025-11-10T15:47:57Z,"house,tech house","Three Six Zero Recordings/Columbia Records",0.775,0.672,6,-7.554,0,0.161,0.0419,0.0000459,0.1,0.713,134.047,4
spotify:track:46N3FCKFABRjNoNBVq4osr,"girl$","girl$","Dom Dolla",2024-06-07,209552,67,false,31o6l24xwp6e7qsibmssjwipihoe,2025-11-10T15:47:57Z,"house,tech house","Three Six Zero Recordings/Columbia Records",0.755,0.945,0,-5.695,1,0.0533,0.00961,0.195,0.862,0.797,133.987,4
spotify:track:2kZ0cv0J6lRQxep2nA3Ilm,"CAVE (with Tove Lo)","CAVE (with Tove Lo)","Dom Dolla;Tove Lo",2024-10-11,180409,58,true,31o6l24xwp6e7qsibmssjwipihoe,2025-11-10T15:47:57Z,"house,tech house","Three Six Zero Recordings/Columbia Records",0.487,0.674,6,-3.725,0,0.0473,0.387,0.000052,0.475,0.108,87.537,4
spotify:track:2We9qrzXzjpqVauR3wnKWc,"Atmosphere","Vive El Verano 2024","FISHER;Kita Alexander",2024-05-31,182857,17,false,31o6l24xwp6e7qsibmssjwipihoe,2025-11-10T15:47:57Z,"tech house,house","UME - Global Clearing House",0.762,0.894,8,-4.562,1,0.0759,0.00611,0.144,0.202,0.735,125.978,4
spotify:track:7zp9FOU4cjFdGN1zdWTvcB,"TAKE IT OFF","TAKE IT OFF","FISHER;Aatig",2023-06-23,194604,68,true,31o6l24xwp6e7qsibmssjwipihoe,2025-11-10T15:47:57Z,"tech house,house","Big Beat Records/Atlantic",0.884,0.707,1,-6.607,1,0.202,0.000502,0.258,0.363,0.582,127.013,4
spotify:track:6ho0GyrWZN3mhi9zVRW7xi,"Losing It","Losing It","FISHER",2018-07-13,248035,72,false,31o6l24xwp6e7qsibmssjwipihoe,2025-11-10T15:47:57Z,"tech house,house","Fisher - Follow the FISH, LLC",0.76,0.964,2,-5.844,1,0.0577,0.00181,0.703,0.0975,0.643,125.003,4
spotify:track:6t4VHEcJ7Kek9pgGHlDp6R,"Push To Start (feat. No/Me)","Push To Start (feat. No/Me)","Noizu;Westend;No/Me",2023-02-24,181875,62,false,31o6l24xwp6e7qsibmssjwipihoe,2025-11-10T15:47:57Z,"tech house,house,latin house","Insomniac Records",0.851,0.988,1,-6.013,0,0.0588,0.00965,0.313,0.0639,0.671,128.017,4
spotify:track:1gkTO34Xg6FO8W9HrxYR4E,"Drum Death","Drum Death","Westend;HOSANNA",2025-02-21,170644,50,false,31o6l24xwp6e7qsibmssjwipihoe,2025-11-10T15:47:57Z,"tech house,latin house,house","Experts Only",0.749,0.97,0,-4.414,1,0.0799,0.0019,0.874,0.16,0.641,128.008,4
spotify:track:1KbLVz3ZcdUOt2wBXqU2cG,"What A Life","What A Life","John Summit;Guz;Stevie Appleton",2022-07-29,171547,69,false,31o6l24xwp6e7qsibmssjwipihoe,2025-11-10T15:47:57Z,"house,tech house","Experts Only",0.677,0.732,7,-5.028,0,0.031,0.0113,0.227,0.0978,0.242,126.018,4
spotify:track:3rb0tMq42WfggucPm0HHkA,"Bad Memories (feat. Elley Duhé & FAST BOY)","Bad Memories (feat. Elley Duhé & FAST BOY)","MEDUZA;James Carter;Elley Duhé;FAST BOY",2022-07-22,148629,70,false,31o6l24xwp6e7qsibmssjwipihoe,2025-11-10T15:47:57Z,"","Universal-Island Records Ltd.",0.607,0.767,5,-6.069,0,0.0474,0.118,0,0.122,0.662,123.998,3
spotify:track:6gdDu39yYqPcaTgCwYEW8i,"Turn On The Lights again.. (feat. Future)","Turn On The Lights again.. (feat. Future)","Fred again..;Swedish House Mafia;Future",2022-07-29,267946,69,false,31o6l24xwp6e7qsibmssjwipihoe,2025-11-10T15:47:57Z,"stutter house,house,edm,rap","Atlantic Records UK",0.683,0.887,6,-4.944,0,0.0497,0.0125,0.446,0.318,0.551,132.007,4
spotify:track:5rzHh4pDFV9I5sMJVkq6IC,"Heads Will Roll - A-Trak Remix","Dance Hits 2023","Yeah Yeah Yeahs;A-Trak",2023-08-31,383893,0,false,31o6l24xwp6e7qsibmssjwipihoe,2025-11-10T15:47:57Z,"disco house","UME - Global Clearing House",0.738,0.607,8,-3.933,0,0.0845,0.00746,0.324,0.0699,0.78,131.982,4
spotify:track:2jQkrC3HcYRhJCHpeYco9u,"Pour Your Heart Out (feat. 070 Shake)","PLAY","RL Grime;070 Shake",2023-09-15,220273,26,false,31o6l24xwp6e7qsibmssjwipihoe,2025-11-10T15:47:57Z,"edm trap","Sable Valley Records",0.489,0.911,7,-3.484,0,0.144,0.0289,0,0.13,0.18,145.849,4
spotify:track:6bavRPbVF9voNZ4r6hTgVO,"Toxic","Toxic","Chris Lake;Ragie Ban",2025-03-28,164244,65,false,31o6l24xwp6e7qsibmssjwipihoe,2025-11-10T15:47:57Z,"tech house,house,bass house","Black Book Records/Astralwerks",0.836,0.699,10,-5.082,1,0.0637,0.0175,0.256,0.0903,0.808,129.04,4
spotify:track:30rLgQ9aV2cpUM2sIYyM5m,"Drop Top","Close Your Eyes - EP","Chris Lake;Walker & Royce",2018-06-08,266666,29,false,31o6l24xwp6e7qsibmssjwipihoe,2025-11-10T15:47:57Z,"tech house,house,bass house","Black Book Records",0.764,0.886,11,-5.692,0,0.0466,0.000223,0.428,0.114,0.695,126.015,4
spotify:track:5mKiwDDrwG22qKKVL6JZqF,"Rhyme Dust","Rhyme Dust","MK;Dom Dolla",2023-02-24,181364,60,false,31o6l24xwp6e7qsibmssjwipihoe,2025-11-10T15:47:57Z,"house,tech house","Ultra Records, LLC",0.925,0.561,3,-8.675,1,0.176,0.0659,0.0271,0.152,0.721,128.034,4
spotify:track:4tcPIwy0UvLYjhXLrMyx89,"Pump It Up","Pump It Up","Endor",2020-03-12,150635,61,false,31o6l24xwp6e7qsibmssjwipihoe,2025-11-10T15:47:57Z,"","Armada Music",0.898,0.893,1,-7.255,1,0.225,0.207,0.0000933,0.061,0.653,129.047,4
spotify:track:3bDwFnzvr8ABphdkY8GONA,"Jungle","Jungle - Hits & Beats","Fred again..",2022-08-26,198805,5,false,31o6l24xwp6e7qsibmssjwipihoe,2025-11-10T15:47:57Z,"stutter house,house","Warner Music Group - X5 Music Group",0.665,0.727,1,-8.073,0,0.0391,0.00984,0.394,0.172,0.397,133.922,4
spotify:track:4jwKnYysiCv0yfPqFpzMHJ,"In My Head","In My Head","Chris Lake;Amber Mark",2025-04-10,174396,51,false,31o6l24xwp6e7qsibmssjwipihoe,2025-11-10T15:47:57Z,"tech house,house,bass house,alternative r&b,indie soul","Black Book Records",0.776,0.868,1,-5.789,1,0.0493,0.00215,0.0299,0.743,0.743,128.003,4
spotify:track:6GOOcBV0wLoHrH5D9AWA32,"Say My Name - Remix","Say My Name (Remix)","Morgan Seatree;Florence + The Machine",2024-12-06,168000,81,false,31o6l24xwp6e7qsibmssjwipihoe,2025-11-10T15:47:57Z,"hard house,baroque pop","Positiva",0.48,0.954,11,-4.078,0,0.079,0.0164,0.000594,0.1,0.471,140.067,4
spotify:track:1Cheunopig5ZrxuGe94MtX,"tell you straight","tell you straight","jigitz",2025-02-12,124864,66,false,31o6l24xwp6e7qsibmssjwipihoe,2025-11-10T15:47:57Z,"stutter house","R&R Digital",0.777,0.799,7,-5.417,1,0.0317,0.018,0.182,0.157,0.411,148.009,4
spotify:track:2x53A69BuIozTTxWDfxnef,"Elevator","PM","Beachcrimes;Tia Tia",2023-12-15,214349,51,false,31o6l24xwp6e7qsibmssjwipihoe,2025-11-10T15:47:57Z,"","Beachcrimes",0.714,0.927,1,-5.076,1,0.0499,0.00622,0.502,0.111,0.546,125.034,4
spotify:track:0ldFK4y1FBQbuip4w4cAIg,"Innerbloom","Innerbloom","RÜFÜS DU SOL",2015-11-20,578040,52,false,31o6l24xwp6e7qsibmssjwipihoe,2025-11-10T15:47:57Z,"","Sweat It Out",0.727,0.721,3,-6.695,1,0.0362,0.121,0.338,0.182,0.0394,122.012,4
spotify:track:2ouFrmMwYik8nQX2n9SeZu,"On My Knees","Surrender","RÜFÜS DU SOL",2021-10-21,261001,74,false,31o6l24xwp6e7qsibmssjwipihoe,2025-11-10T15:47:57Z,"","Rose Avenue/Reprise",0.683,0.571,1,-7.721,1,0.0286,0.0335,0.0616,0.0957,0.29,120.044,4
spotify:track:6vkFCzPmJ3beYG0zeevdmX,"Eyes","SOLACE","RÜFÜS DU SOL",2018-10-19,230533,58,false,31o6l24xwp6e7qsibmssjwipihoe,2025-11-10T15:47:57Z,"","Rose Avenue/Reprise",0.659,0.752,3,-6.239,0,0.0312,0.0115,0.00256,0.128,0.248,124.016,4
spotify:track:7rXke3ttpL2uXel9Nesf4u,"Sweet Disposition - John Summit & Silver Panda Remix","Sweet Disposition (John Summit & Silver Panda Remix)","The Temper Trap;John Summit;Silver Panda",2024-01-26,251904,72,false,31o6l24xwp6e7qsibmssjwipihoe,2025-11-10T15:47:57Z,"house,tech house,melodic techno,melodic house,progressive house,indie dance","Experts Only",0.587,0.919,11,-4.679,0,0.0429,0.0042,0.014,0.357,0.0745,125.977,4
spotify:track:6KNlhaeBrlHUsVItPrpkyn,"La Danza","La Danza","John Summit",2022-03-02,157619,64,false,31o6l24xwp6e7qsibmssjwipihoe,2025-11-10T15:47:57Z,"house,tech house","Defected Records",0.797,0.88,6,-5.722,0,0.0442,0.00298,0.574,0.183,0.357,125.995,4
spotify:track:6hQRP0fV38up2v9YPZikNh,"Human (feat. Echoes) - Aaron Hibell Remix","Human (feat. Echoes) [Aaron Hibell Remix]","John Summit;Echoes;Aaron Hibell",2022-02-25,171807,57,false,31o6l24xwp6e7qsibmssjwipihoe,2025-11-10T15:47:57Z,"house,tech house,stutter house","FFRR",0.283,0.746,5,-7.532,0,0.0429,0.0157,0.0115,0.105,0.126,132.048,4
spotify:track:2kqKsdnfgTraa9v4adnadN,"PUT IT DOWN","PUT IT DOWN","Angrybaby",2025-03-28,130434,67,false,31o6l24xwp6e7qsibmssjwipihoe,2025-11-10T15:47:57Z,"stutter house","TH3RD BRAIN",0.72,0.56,6,-7.586,0,0.103,0.496,0.39,0.133,0.345,138.088,4
spotify:track:3RhneE5YQcy3TphBlJfFuz,"Nights Like These","Nights Like These","Jake Shore;CLUB INDGO",2024-06-14,180000,51,false,31o6l24xwp6e7qsibmssjwipihoe,2025-11-10T15:47:57Z,"","TH3RD BRAIN",0.728,0.882,6,-5.011,0,0.0419,0.276,0.0337,0.163,0.378,127.989,4
spotify:track:78nx0HDJIFD5xDq2L5420Z,"Blessings","Blessings","Calvin Harris;Clementine Douglas",2025-05-09,219650,84,false,31o6l24xwp6e7qsibmssjwipihoe,2025-11-10T15:47:57Z,"edm","Columbia",0.721,0.875,11,-4.125,0,0.0557,0.0022,0.0285,0.0888,0.642,129.913,4
spotify:track:42CMeHqi0S8sbKvrzLyixS,"Turn off the Lights","Turn off the Lights","Chris Lake;Alexis Roberts",2018-02-23,210546,64,false,31o6l24xwp6e7qsibmssjwipihoe,2025-11-10T15:47:57Z,"tech house,house,bass house","Black Book Records",0.825,0.745,11,-5.49,0,0.0754,0.0467,0.0000319,0.198,0.889,125.004,4
spotify:track:0sC4CNFI8FdKJUDuYPdDiw,"See You Sweat","See You Sweat","Max Styler;GENESI",2024-07-12,209280,48,false,31o6l24xwp6e7qsibmssjwipihoe,2025-11-10T15:47:57Z,"tech house,melodic techno","Insomniac Records",0.676,0.987,9,-4.289,1,0.0628,0.00456,0.628,0.314,0.549,125.046,4
spotify:track:4ZmWVoFNiBj0iNnnC7E4MA,"Resonate (feat. Julia Church)","Comfort In Chaos","John Summit;Kaskade;Julia Church",2024-07-12,241846,54,false,31o6l24xwp6e7qsibmssjwipihoe,2025-11-10T15:47:57Z,"house,tech house,edm","Experts Only/Darkroom Records",0.606,0.876,7,-6.855,1,0.103,0.0435,0.000359,0.102,0.0495,129.969,4
spotify:track:0InawUZWJfEPkPbMDbdswr,"Killa","Killa","Chris Avantgarde;Kevin de Vries",2024-04-19,334615,40,false,31o6l24xwp6e7qsibmssjwipihoe,2025-11-10T15:47:57Z,"melodic techno,melodic house,techno","Experts Only",0.72,0.942,4,-4.936,1,0.0523,0.0174,0.716,0.109,0.761,130.018,4
spotify:track:1xBR2d1dyj0UzVvSVcQNl7,"Missing Me","Missing Me","Reiny;EZIA",2025-05-09,166990,56,false,31o6l24xwp6e7qsibmssjwipihoe,2025-11-10T15:47:57Z,"deep house","Selected.",0.65,0.921,11,-5.944,0,0.0391,0.0104,0.427,0.189,0.478,130.054,4
spotify:track:1ktqfwC2rUgTmvzCSted3k,"This Evening","This Evening","James Carter",2025-05-09,141775,51,false,31o6l24xwp6e7qsibmssjwipihoe,2025-11-10T15:47:57Z,"","Lilly Era",0.687,0.903,9,-5.296,0,0.072,0.169,0.151,0.0882,0.105,129.988,4
spotify:track:2mRNUz2RbAFf0AkPeQWelt,"Satisfaction - Uk Radio Edit","Satisfaction (Benny Benassi Presents The Biz)","Benny Benassi;The Biz",2002-06-12,143933,57,true,31o6l24xwp6e7qsibmssjwipihoe,2025-11-10T15:47:57Z,"electro house","D:Vision",0.818,0.732,9,-4.253,1,0.209,0.0997,0.0389,0.074,0.37,130.063,4
spotify:track:4UdhW4d44eWubt9Vtvlx93,"No Stopping The Acid","No Stopping The Acid","Nèmekko",2025-03-21,173750,29,false,31o6l24xwp6e7qsibmssjwipihoe,2025-11-10T15:47:57Z,"acid techno","Hex Code Rekkords",0.586,0.96,8,-2.884,1,0.0371,0.00651,0.711,0.195,0.654,144.026,4
spotify:track:2HvEPHk22qyeVoMTuZMGa7,"Hey, It's Me","Hey, It's Me","Davron Mananov",2024-11-01,273005,26,false,31o6l24xwp6e7qsibmssjwipihoe,2025-11-10T15:47:57Z,"","Davron Mananov",0.808,0.817,2,-7.425,1,0.169,0.0222,0.826,0.0988,0.14,128.007,4
spotify:track:2vrUuFngy3g0rp7plAnAhK,"LOST IN YOUR EYES","LOST IN YOUR EYES","NØFACE",2025-05-02,172614,27,false,31o6l24xwp6e7qsibmssjwipihoe,2025-11-10T15:47:57Z,"","ECLYPTA, a division of CORBAL Records",0.647,0.966,9,-4.469,0,0.0472,0.0814,0.146,0.0768,0.537,126.028,4
spotify:track:0YrUz44GV53SvRMQUFIpps,"Drip Drip","Drip Drip","R3HAB;WUKONG;$MUSIC",2025-04-04,145714,37,false,31o6l24xwp6e7qsibmssjwipihoe,2025-11-10T15:47:57Z,"slap house,edm,vinahouse,melodic bass","Liquid State",0.701,0.958,11,-4.967,1,0.359,0.00372,0.00897,0.104,0.448,140.017,4
spotify:track:6rEGktBQJjLGBVCZuawBXl,"Smooth Operator (stillachild Remix)","Smooth Operator (Remixes)","MOONLGHT;nowifi;stillachild",2023-12-14,111219,46,false,31o6l24xwp6e7qsibmssjwipihoe,2025-11-10T15:47:57Z,"","Soave Records",0.791,0.77,2,-7.19,0,0.0384,0.13,0.345,0.488,0.612,122.999,4
spotify:track:1j77ulOpPWVh5f6EedkI8n,"rift","rift","AGAMI",2025-04-11,152048,15,false,31o6l24xwp6e7qsibmssjwipihoe,2025-11-10T15:47:57Z,"","AGAMI Records",0.731,0.824,11,-6.591,1,0.134,0.0206,0.0557,0.282,0.242,123.026,4
spotify:track:4ScZ6EAWULqtLthCL2Qvo5,"Without You","Without You","Crunkz",2025-02-21,126315,52,false,31o6l24xwp6e7qsibmssjwipihoe,2025-11-10T15:47:57Z,"","Crunkz",0.761,0.707,8,-6.975,1,0.145,0.225,0.0648,0.115,0.494,133.014,4
spotify:track:6Ipu4lyn6EdMutvBCTktmL,"Touch Me","Touch Me","Ian Asher",2024-03-29,169372,61,false,31o6l24xwp6e7qsibmssjwipihoe,2025-11-10T15:47:57Z,"","Just A Feeling",0.73,0.975,4,-4.877,0,0.0597,0.368,0.636,0.149,0.0329,127.017,4
spotify:track:0xaXwvcjq7aAKwMKe22Bw7,"Focus (feat. CLOVES)","Focus (feat. CLOVES)","John Summit;CLOVES",2025-01-17,238242,68,false,31o6l24xwp6e7qsibmssjwipihoe,2025-11-10T15:47:57Z,"house,tech house","Experts Only/Darkroom Records",0.696,0.868,6,-5.768,1,0.0335,0.0114,0.0367,0.143,0.266,127.971,4
spotify:track:20kaCbdgkJRUPniPVZgsoR,"Won’t Be Possible","Won’t Be Possible","Tiësto;Odd Mob;Goodboys",2025-05-09,136615,69,false,31o6l24xwp6e7qsibmssjwipihoe,2025-11-10T15:47:58Z,"edm,trance,big room,tech house,bass house","Atlantic Records",0.929,0.846,10,-3.629,0,0.0756,0.0361,0.0457,0.113,0.574,129.968,4
spotify:track:3DLWVhaowApIGw1JnJj6GS,"Lose Control","Lose Control","James Hype",2023-05-12,173437,66,false,31o6l24xwp6e7qsibmssjwipihoe,2025-11-10T15:47:58Z,"house,tech house","Insomniac Records",0.714,0.936,9,-3.693,1,0.0426,0.0338,0.0239,0.244,0.243,128.011,4
spotify:track:3d4lGcDN1FISRTBeBeGRoJ,"Lo Que Soy","Lo Que Soy","Wax Motif;Kura",2023-07-07,170953,44,false,31o6l24xwp6e7qsibmssjwipihoe,2025-11-10T15:47:58Z,"bass house,g-house,tech house,big room","Insomniac Records",0.876,0.803,1,-5.092,0,0.054,0.213,0.398,0.0572,0.696,125.988,4
spotify:track:5ITV0zqzjOYfFWpW0xBmRa,"Show Me Love","Show Me Love","WizTheMc;bees & honey",2025-02-07,176965,86,false,31o6l24xwp6e7qsibmssjwipihoe,2025-11-10T15:47:58Z,"","Bamboo Artists",0.714,0.691,1,-7.333,1,0.0434,0.0212,0.000292,0.111,0.155,107.15,4
spotify:track:5vASuVQkngtFoCOczem52V,"On Again","On Again","Mau P",2024-04-30,228000,60,true,31o6l24xwp6e7qsibmssjwipihoe,2025-11-10T15:47:58Z,"tech house,house","Insomniac Records",0.61,0.951,0,-4.659,0,0.0665,0.00482,0.0109,0.149,0.304,129.976,4
spotify:track:3QdNlDA5ZYzg99r1eafrO8,"Aarena (Knock2 Remix)","niteharts","ISOxo;Knock2",2022-10-28,207694,49,false,31o6l24xwp6e7qsibmssjwipihoe,2025-11-10T15:47:58Z,"bass house,edm trap,edm,bassline","Sable Valley Records",0.61,0.986,4,-1.378,1,0.104,0.0355,0.601,0.0265,0.162,126.02,4
spotify:track:5JJ0eUdq1cIJV9fozbUYE1,"KNOWUBETTER","KNOWUBETTER","That Franco",2024-07-26,177637,44,false,31o6l24xwp6e7qsibmssjwipihoe,2025-11-10T15:47:58Z,"rally house,uk garage","Auxford Recordings",0.734,0.759,1,-8.502,1,0.0478,0.011,0.734,0.046,0.153,127.052,4
spotify:track:20iODoi8eZUC1sBS5C01GF,"Down Low - YDG Remix","Down Low (YDG Remix)","it's murph;YDG;Sorana",2024-06-21,189517,60,false,31o6l24xwp6e7qsibmssjwipihoe,2025-11-10T15:47:58Z,"stutter house,house,riddim,dubstep","Darkroom Records",0.522,0.931,10,-2.585,0,0.0859,0.268,0.0137,0.206,0.356,145.069,4
spotify:track:6FxSYM7dXGM1gZdcgXNSYo,"Body and Mind","Body and Mind","Eleganto;Silver Nova",2025-05-16,205970,24,false,31o6l24xwp6e7qsibmssjwipihoe,2025-11-10T15:47:58Z,"bass house,future house,g-house","STMPD RCRDS",0.699,0.961,6,-4.877,1,0.0349,0.0012,0.845,0.373,0.231,133.984,4
spotify:track:1lbNgoJ5iMrMluCyhI4OQP,"Victory Lap","Victory Lap","Fred again..;Skepta;PlaqueBoyMax",2025-06-18,165857,83,true,31o6l24xwp6e7qsibmssjwipihoe,2025-11-10T15:47:58Z,"stutter house,house,grime,uk grime","Atlantic Records UK",0.891,0.749,11,-3.087,1,0.112,0.163,0.00000196,0.0922,0.584,140.039,4
spotify:track:1MVqeIAwhD4T44AKVkIfic,"leavemealone","leavemealone","Fred again..;Baby Keem",2023-12-08,222784,74,true,31o6l24xwp6e7qsibmssjwipihoe,2025-11-10T15:47:58Z,"stutter house,house","Atlantic Records UK",0.68,0.881,0,-4.503,1,0.0553,0.00499,0.0253,0.574,0.105,174.062,4
spotify:track:5w9upngVRHNjdZcRC7Xxr2,"Delilah (pull me out of this)","Actual Life 3 (January 1 - September 9 2022)","Fred again..;Delilah Montagu",2022-10-28,250702,72,false,31o6l24xwp6e7qsibmssjwipihoe,2025-11-10T15:47:58Z,"stutter house,house","Atlantic Records UK",0.685,0.827,10,-7.745,1,0.224,0.138,0.00207,0.374,0.586,133.93,4
spotify:track:5CaUUACiQFEf4zR5WoeIrp,"If U Need It","If U Need It","Sammy Virji",2023-11-03,179999,72,false,31o6l24xwp6e7qsibmssjwipihoe,2025-11-10T15:47:58Z,"uk garage,bassline,bass house,house","Capitol Records UK",0.842,0.705,10,-5.713,0,0.26,0.113,0.000324,0.0891,0.233,132.155,4
spotify:track:36nYS9AwMR06ph6imdjn7J,"I Guess We're Not The Same","I Guess We’re Not The Same","Sammy Virji",2025-02-14,211575,58,false,31o6l24xwp6e7qsibmssjwipihoe,2025-11-10T15:47:58Z,"uk garage,bassline,bass house,house","Capitol Records UK",0.869,0.444,8,-9.476,1,0.351,0.347,0.59,0.188,0.207,140.008,4
spotify:track:5pa2ZyJ3dIEmxRDW74msQi,"Cops & Robbers","Cops & Robbers","Sammy Virji;Skepta",2025-05-29,161495,64,false,31o6l24xwp6e7qsibmssjwipihoe,2025-11-10T15:47:58Z,"uk garage,bassline,bass house,house,grime,uk grime","Capitol Records UK",0.832,0.865,9,-5.281,1,0.179,0.196,0.00175,0.366,0.43,136.047,4
spotify:track:6q36Cqt2d3O5jqrQR9uXCp,"Summertime Blues (feat. Nathan Nicholson)","Summertime Blues (feat. Nathan Nicholson)","Chris Lake;Sammy Virji;Nathan Nicholson",2024-04-26,251201,64,false,31o6l24xwp6e7qsibmssjwipihoe,2025-11-10T15:47:58Z,"tech house,house,bass house,uk garage,bassline","Black Book Records/Astralwerks",0.723,0.875,1,-5.052,0,0.0605,0.259,0.0283,0.224,0.496,130.015,4
spotify:track:5ebGm6cc6QBZl0dCaGGYgF,"Electrified - Extended Mix","Electrified","SEUNG",2025-05-23,230222,22,false,31o6l24xwp6e7qsibmssjwipihoe,2025-11-10T15:47:58Z,"","Glasgow Underground",0.791,0.807,8,-5.074,0,0.0543,0.00026,0.486,0.0286,0.199,134.017,4
spotify:track:0w7JPlp7eEQI2EKW3ayXrv,"Drugs From Amsterdam","Drugs From Amsterdam","Mau P",2022-09-16,235785,71,false,31o6l24xwp6e7qsibmssjwipihoe,2025-11-10T15:47:58Z,"tech house,house","Island Records UK / Republic Records / Virgin Records Germany",0.686,0.928,8,-10.38,1,0.0527,0.0316,0.727,0.0576,0.631,124.986,4
spotify:track:7lDGg8CFySbkKUrjgzcLlY,"The Less I Know The Better","The Less I Know The Better","Mau P",2025-02-28,176114,73,false,31o6l24xwp6e7qsibmssjwipihoe,2025-11-10T15:47:58Z,"tech house,house","Nervous Records",0.754,0.8,6,-7.383,0,0.0506,0.000793,0.651,0.352,0.948,128.001,4
spotify:track:6vLKVWEuOCQAWEaHv2yknm,"Like I Like It","Too Big For B-Side","Mau P",2025-05-23,224414,67,false,31o6l24xwp6e7qsibmssjwipihoe,2025-11-10T15:47:58Z,"tech house,house","Diynamic Music",0.74,0.968,6,-6.124,0,0.0547,0.00306,0.8,0.0877,0.687,128,4
spotify:track:3WBeUXMYcRePMS2DwaNwUD,"MERTHER","MERTHER","Mau P",2024-10-18,189405,67,false,31o6l24xwp6e7qsibmssjwipihoe,2025-11-10T15:47:58Z,"tech house,house","Defected Records",0.553,0.96,0,-5.146,1,0.0421,0.00104,0.66,0.342,0.13,127.965,4
spotify:track:0FXEclPDVfUNHYDiyAPXYP,"Drop In","Drop In","Mary Droppinz",2025-04-16,149793,47,false,31o6l24xwp6e7qsibmssjwipihoe,2025-11-10T15:47:58Z,"","Deadbeats",0.757,0.55,8,-7.935,0,0.0496,0.0646,0.0334,0.111,0.379,144.961,4
spotify:track:5iqvtRo9h8MFd03EINRK0M,"Downtown","Downtown","Fred Dope;Reverend Haus",2025-06-13,161428,18,false,31o6l24xwp6e7qsibmssjwipihoe,2025-11-10T15:47:58Z,"latin house","Purple Tea Records",0.722,0.884,1,-5.06,1,0.0447,0.0209,0.21,0.108,0.311,126.014,4
spotify:track:6gdDu39yYqPcaTgCwYEW8i,"Turn On The Lights again.. (feat. Future)","Turn On The Lights again.. (feat. Future)","Fred again..;Swedish House Mafia;Future",2022-07-29,267946,69,false,31o6l24xwp6e7qsibmssjwipihoe,2025-11-10T15:47:58Z,"stutter house,house,edm,rap","Atlantic Records UK",0.683,0.887,6,-4.944,0,0.0497,0.0125,0.446,0.318,0.551,132.007,4
spotify:track:21RzyxY3EFaxVy6K4RqaU9,"Body","Body","Loud Luxury;Brando",2017-10-27,163216,75,false,31o6l24xwp6e7qsibmssjwipihoe,2025-11-10T15:47:58Z,"","Armada Music",0.752,0.764,1,-4.399,1,0.038,0.0476,0.0000944,0.0543,0.582,121.958,4
spotify:track:4Lim5qXEMBShqJPOokejx9,"Weak","Sommerabend","Vintage Culture;Maverick Sabre;Tom Breu",2025-03-28,202560,0,false,31o6l24xwp6e7qsibmssjwipihoe,2025-11-10T15:47:58Z,"brazilian bass,electronic,electro","UME - Global Clearing House",0.829,0.682,10,-8.029,0,0.0702,0.0472,0.00848,0.091,0.451,123.034,4
spotify:track:6quGF3Kvzd5WYEEuCmvCe1,"World, Hold On - FISHER Rework","World, Hold On (FISHER Rework)","Bob Sinclar;Steve Edwards;FISHER",2022-09-02,178304,67,false,31o6l24xwp6e7qsibmssjwipihoe,2025-11-10T15:47:58Z,"french house,disco house,tech house,house","Astralwerks",0.772,0.882,1,-5.242,0,0.0589,0.00614,0.00627,0.136,0.891,127.006,4
spotify:track:5tYk6OwRwSWQuDa2AMA10M,"4U","4U (Remixes)","Matroda;Martin Ikin;Sian-Lee",2024-12-20,180703,10,false,31o6l24xwp6e7qsibmssjwipihoe,2025-11-10T15:47:58Z,"bass house,tech house,g-house,house,electro house","Terminal Underground",0.786,0.98,2,-3.92,1,0.0853,0.00196,0.857,0.0555,0.517,127.973,4
spotify:track:6WXx2Bc6Ev9F0EYp2mtPXD,"billieache","billieache","AGAMI",2024-02-16,187500,6,false,31o6l24xwp6e7qsibmssjwipihoe,2025-11-10T15:47:58Z,"","AGAMI Records",0.692,0.619,4,-10.598,0,0.048,0.0126,0.808,0.0883,0.37,133.927,4
spotify:track:07Sm4SlYGZ4CRSxgwP3hUr,"Boost Up","Boost Up","FISHER;Flowdan",2024-08-09,211899,65,false,31o6l24xwp6e7qsibmssjwipihoe,2025-11-10T15:47:58Z,"tech house,house,drum and bass,grime","Catch & Release",0.7,0.938,7,-6.831,1,0.0637,0.000897,0.708,0.15,0.41,127.95,4
spotify:track:74y1VgzL668hynrvA59WQB,"Stay","Stay","FISHER",2025-03-21,165961,71,false,31o6l24xwp6e7qsibmssjwipihoe,2025-11-10T15:47:58Z,"tech house,house","Catch & Release",0.738,0.971,0,-5.776,0,0.125,0.0153,0.911,0.103,0.456,128.022,4
spotify:track:7z8zdcW66DyZ931P6BjnX7,"Angels Landing","Angels Landing","ISOxo;FrostTop",2022-08-26,233600,49,false,31o6l24xwp6e7qsibmssjwipihoe,2025-11-10T15:47:58Z,"bass house,edm trap,edm,melodic bass","NIGHTMODE",0.285,0.812,5,-2.572,0,0.0596,0.127,0.0303,0.0823,0.0388,149.431,4
spotify:track:30uUMdzRVdYd9KuP9rJXxo,"Through My System","Through My System","it's murph;Arlo;Emi Grace",2025-04-11,200051,61,false,31o6l24xwp6e7qsibmssjwipihoe,2025-11-10T15:47:58Z,"stutter house,house,uk garage,rally house","Sonic Café",0.784,0.519,1,-4.952,1,0.114,0.0612,0.00249,0.239,0.65,132.051,4
spotify:track:2JhtoiqWsbUgrKkQ7XhWKW,"Rock Your Body","Rock Your Body","Alex Hobson;Dj Arno",2025-07-11,182769,42,false,31o6l24xwp6e7qsibmssjwipihoe,2025-11-10T15:47:58Z,"","FUTURISM",0.407,0.829,5,-6.489,0,0.0418,0.0978,0.000177,0.353,0.465,130.017,4
spotify:track:6qe61hWL08SxLCQTcOulMB,"Savana","Chemistry","Chris Lake",2025-07-11,150113,60,false,31o6l24xwp6e7qsibmssjwipihoe,2025-11-10T15:47:58Z,"tech house,house,bass house","Black Book Records",0.659,0.858,7,-6.458,0,0.0675,0.00758,0.871,0.097,0.905,132.021,4
spotify:track:7rwAm5rwu24GhJBl4Vcrfl,"Watch The Sunrise","Chemistry","Chris Lake;Aatig",2025-07-11,163928,47,false,31o6l24xwp6e7qsibmssjwipihoe,2025-11-10T15:47:58Z,"tech house,house,bass house","Black Book Records",0.846,0.91,9,-4.724,0,0.222,0.00337,0.00209,0.0652,0.634,126.007,4
spotify:track:3gZzX5pat5curqUnCtn9vF,"Psycho","Chemistry","Chris Lake",2025-07-11,129619,45,false,31o6l24xwp6e7qsibmssjwipihoe,2025-11-10T15:47:58Z,"tech house,house,bass house","Black Book Records",0.741,0.962,0,-5.721,1,0.205,0.000831,0.15,0.766,0.742,125.974,4
spotify:track:1O1Qc5cZWTyfasBEPaflAj,"Satisfy Me","Chemistry","Chris Lake;Christian Alexander",2025-07-11,201968,42,false,31o6l24xwp6e7qsibmssjwipihoe,2025-11-10T15:47:58Z,"tech house,house,bass house","Black Book Records",0.743,0.894,4,-5.347,0,0.0861,0.000735,0.72,0.482,0.84,127.008,4
spotify:track:5LRyR8eIg7fSlH3GsdFqEi,"Falling","Chemistry","Chris Lake;Bonobo;Alexis Roberts",2025-07-11,250664,54,false,31o6l24xwp6e7qsibmssjwipihoe,2025-11-10T15:47:58Z,"tech house,house,bass house,trip hop,downtempo,nu jazz,electronic","Black Book Records",0.711,0.726,11,-7.149,0,0.0627,0.112,0.0246,0.133,0.233,126.983,4
spotify:track:4dmHmgq6pzTrJ3DiVCkX8S,"About To Lose It","About To Lose It","Matroda",2025-02-21,195942,51,false,31o6l24xwp6e7qsibmssjwipihoe,2025-11-10T15:47:58Z,"bass house,tech house,g-house,house,electro house","Insomniac Records",0.739,0.968,1,-4.754,0,0.0547,0.0229,0.719,0.0637,0.109,128.016,4
spotify:track:3sU1L9okYWbN61oHZNQTfh,"Don't Wake Me Up","Don't Wake Me Up","James Hype",2025-03-21,154139,70,false,31o6l24xwp6e7qsibmssjwipihoe,2025-11-10T15:47:58Z,"house,tech house","Universal-Island Records Ltd.",0.62,0.917,0,-3.937,0,0.0521,0.0103,0.163,0.0795,0.397,129.955,4
spotify:track:4FKRT4uPFx2L4exy9DCs1o,"dashstar* - VIP","dashstar* (VIP)","Knock2",2022-07-29,140481,62,false,31o6l24xwp6e7qsibmssjwipihoe,2025-11-10T15:47:58Z,"bass house,edm,bassline","NIGHTMODE",0.58,0.968,5,-2.803,1,0.0807,0.0162,0.294,0.354,0.0599,126.023,4
spotify:track:3cZajhyr8LmtPfHZ9296tj,"No Broke Boys","No Broke Boys","Disco Lines;Tinashe",2025-06-06,163994,93,true,31o6l24xwp6e7qsibmssjwipihoe,2025-11-10T15:47:58Z,"stutter house,alternative r&b","Nice Life/Atlantic",0.767,0.834,1,-7.415,0,0.0315,0.34,0.111,0.0901,0.962,130.999,4
spotify:track:57UFzhgsL7Q4lxaEKosMSb,"B€NZ","B€NZ","€URO TRA$H;Yellow Claw;Syaqish",2022-08-05,244218,36,false,31o6l24xwp6e7qsibmssjwipihoe,2025-11-10T15:47:58Z,"bass house,g-house,tech house,edm,edm trap,indonesian r&b","Barong Family",0.914,0.589,9,-7.866,1,0.0817,0.0105,0.494,0.0693,0.41,125.01,4
spotify:track:5zuex7tbGFz0gSHlrMvQdu,"COULD BE WRONG","COULD BE WRONG","LOSTBOYJAY",2022-12-02,186046,73,false,31o6l24xwp6e7qsibmssjwipihoe,2025-11-10T15:47:58Z,"rally house,house","Polydor Records",0.875,0.772,0,-8.472,1,0.111,0.0233,0.0016,0.316,0.826,129.024,4
spotify:track:4ml1Eq4wmcdfN0Q6pNEly7,"TRIPPIN","TRIPPIN","BUNT.;Mapei",2024-06-28,202881,71,false,31o6l24xwp6e7qsibmssjwipihoe,2025-11-10T15:47:58Z,"stutter house","Arista Records",0.516,0.553,2,-7.029,1,0.0563,0.0326,0.000243,0.295,0.261,175.155,4
spotify:track:4wvB0NTtVgOdJpRJJCjHzY,"Push Pull - Club Mix","Push Pull (Club Mix)","OFFAIAH",2018-11-02,400648,19,false,31o6l24xwp6e7qsibmssjwipihoe,2025-11-10T15:47:58Z,"tech house","Defected Records",0.861,0.828,6,-5.133,0,0.0886,0.0162,0.42,0.0589,0.518,124.995,4
spotify:track:4etHuFADJ1ZxYYLj40nEiu,"On & On","Chemistry","Chris Lake;Yael Watchman",2025-07-11,195601,58,false,31o6l24xwp6e7qsibmssjwipihoe,2025-11-10T15:47:58Z,"tech house,house,bass house","Black Book Records",0.625,0.852,10,-6.82,0,0.0436,0.0919,0.629,0.103,0.558,129.076,4
spotify:track:2HMQxhTjVKyaL2TeorjmbX,"Reach For You","Chemistry","Chris Lake;MPH;Kelly Lee Owens",2025-07-11,231111,54,false,31o6l24xwp6e7qsibmssjwipihoe,2025-11-10T15:47:58Z,"tech house,house,bass house,uk garage,bassline,rally house","Black Book Records",0.562,0.78,1,-6.589,1,0.0507,0.0777,0.749,0.118,0.27,134.946,4
spotify:track:3qw4k2xQV3RksI1Mr1kNe0,"Favourite One","Chemistry","Chris Lake;Black Lotus",2025-07-11,208086,46,false,31o6l24xwp6e7qsibmssjwipihoe,2025-11-10T15:47:58Z,"tech house,house,bass house","Black Book Records",0.769,0.807,6,-5.741,0,0.0502,0.0809,0.0314,0.238,0.496,132.004,4
spotify:track:7lxMbBCGg0Ilqm9ewRp0tv,"Jungle","Chemistry","Chris Lake;Black Lotus",2025-07-11,181627,42,false,31o6l24xwp6e7qsibmssjwipihoe,2025-11-10T15:47:58Z,"tech house,house,bass house","Black Book Records",0.71,0.891,0,-5.166,1,0.0408,0.00252,0.00857,0.253,0.24,128.997,4
spotify:track:0zVYrhlpgLHLqnEtv38Fko,"Ease My Mind","Chemistry","Chris Lake;Abel Balder",2025-07-11,191704,68,false,31o6l24xwp6e7qsibmssjwipihoe,2025-11-10T15:47:58Z,"tech house,house,bass house","Black Book Records",0.739,0.805,8,-6.067,0,0.0337,0.0551,0.16,0.103,0.766,125.997,4
spotify:track:6Nn5qR8i8i5HUtWx1i2RO5,"Round After Round","Chemistry","Chris Lake;Riovaz",2025-07-11,263333,41,false,31o6l24xwp6e7qsibmssjwipihoe,2025-11-10T15:47:58Z,"tech house,house,bass house","Black Book Records",0.792,0.909,2,-7.092,1,0.107,0.00447,0.00658,0.246,0.607,125.993,4
spotify:track:2fMtXRKJDPtT8Xs4EJkBQh,"Baby Baby","Baby Baby","Noizu",2019-09-20,190080,52,false,31o6l24xwp6e7qsibmssjwipihoe,2025-11-10T15:47:58Z,"tech house,house","Techne",0.627,0.948,7,-4.478,1,0.0428,0.00354,0.551,0.0599,0.569,125.048,4
spotify:track:3ujKLPUPwRUtRXDoWCSDI4,"Beggin'","MYCELiUM","Chris Lake;Aluna",2023-07-07,183397,21,false,31o6l24xwp6e7qsibmssjwipihoe,2025-11-10T15:47:58Z,"tech house,house,bass house","Mad Decent",0.8,0.693,8,-5.971,0,0.0515,0.163,0.295,0.119,0.7,125.973,4
spotify:track:4cLgLunbu42EMEkCN3ztO2,"PRESSURE","kidsgonemad!","ISOxo",2023-10-20,172285,34,false,31o6l24xwp6e7qsibmssjwipihoe,2025-11-10T15:47:58Z,"bass house,edm trap,edm","88rising Music",0.576,0.952,0,-3.53,1,0.0599,0.000625,0.0194,0.341,0.0552,150.089,4
spotify:track:4YhiToJcqz5PX9DvUZdem1,"925","Same Day Cleaning","Sammy Virji;Chris Lake;RoRo",2025-09-19,168576,58,false,31o6l24xwp6e7qsibmssjwipihoe,2025-11-10T15:47:58Z,"uk garage,bassline,bass house,house,tech house","Capitol Records UK",0.887,0.777,8,-7.06,1,0.112,0.00131,0.00848,0.177,0.513,131.985,4
spotify:track:5vu69csqeUJheoQWPd2MoM,"LA NOCHE","LA NOCHE","Chris Lake;Skrillex;ANITA B QUEEN",2025-10-03,212244,66,false,31o6l24xwp6e7qsibmssjwipihoe,2025-11-10T15:47:58Z,"tech house,house,bass house,dubstep,edm,electro,electronic","Black Book Records",0.797,0.777,8,-3.634,1,0.0601,0.000279,0.645,0.0633,0.763,126.993,4
spotify:track:5UZIVxzI4UyrSbg3ZLTGTH,"fuze","fuze","Skrillex;ISOxo",2025-10-24,188571,65,false,31o6l24xwp6e7qsibmssjwipihoe,2025-11-10T15:47:58Z,"dubstep,edm,electro,electronic,bass house,edm trap","OWSLA/Atlantic",0.59,0.933,10,-2.584,1,0.107,0.000758,0.232,0.0761,0.127,139.969,4
spotify:track:3cZajhyr8LmtPfHZ9296tj,"No Broke Boys","No Broke Boys","Disco Lines;Tinashe",2025-06-06,163994,93,true,31o6l24xwp6e7qsibmssjwipihoe,2025-11-10T15:47:58Z,"stutter house,alternative r&b","Nice Life/Atlantic",0.767,0.834,1,-7.415,0,0.0315,0.34,0.111,0.0901,0.962,130.999,4
spotify:track:1AApldBkudH6jZAE9ucdUF,"White Wine & Adderall","White Wine & Adderall","The Chainsmokers;Beau Nox",2025-07-11,178400,65,false,31o6l24xwp6e7qsibmssjwipihoe,2025-11-10T15:47:58Z,"","Disruptor Records/Columbia",0.613,0.936,9,-1.064,0,0.0496,0.0171,0.386,0.0973,0.254,134.981,4
spotify:track:2xF7r5dPR0I6qPOFLzTOC6,"Here In Your Arms - Ely Oaks Remix","Here In Your Arms (Ely Oaks Remix)","Nathan Dawe;Abi Flynn;Ely Oaks",2025-03-21,124166,29,false,31o6l24xwp6e7qsibmssjwipihoe,2025-11-10T15:47:58Z,"hypertechno","Helix Records",0.535,0.963,2,-4.689,1,0.0429,0.00189,0.168,0.487,0.699,144.038,4
spotify:track:5OWhsQqUaqHvQwhVSLjOBE,"Spectrum","Clarity (Deluxe)","Zedd;Matthew Koma",2012,243413,30,false,31o6l24xwp6e7qsibmssjwipihoe,2025-11-10T15:47:58Z,"edm","Interscope",0.609,0.801,0,-4.417,0,0.034,0.0137,0.00349,0.127,0.407,129.99,4
spotify:track:6GbhVYLX4gDu3v5Tx2cnIH,"ENERGY","4EVR","ISOKNOCK;ISOxo;Knock2;Bantu",2024-08-01,209785,43,false,31o6l24xwp6e7qsibmssjwipihoe,2025-11-10T15:47:58Z,"bass house,edm trap,edm,bassline,afro house","88rising Music",0.736,0.987,8,-0.009,1,0.116,0.00246,0.177,0.343,0.316,129.973,4
spotify:track:2UtatN3L6WIB7fultoOKra,"Middle","Middle","Noizu",2021-06-11,181662,44,false,31o6l24xwp6e7qsibmssjwipihoe,2025-11-10T15:47:58Z,"tech house,house","Insomniac Records",0.737,0.976,11,-5.958,0,0.0561,0.0112,0.43,0.298,0.692,127.009,4
spotify:track:00kiqMQGZQFH8YSiyrN8Ew,"Dress Code","Dress Code","Mau P",2023-10-06,203437,63,false,31o6l24xwp6e7qsibmssjwipihoe,2025-11-10T15:47:58Z,"tech house,house","Black Book Records",0.716,0.94,1,-5.443,1,0.0539,0.00799,0.728,0.0807,0.737,128.015,4
spotify:track:5jqEybi7fIl2BpT0njbfhO,"Up Down","Up Down","bradeazy;TyriqueOrDie",2025-09-05,172733,64,false,31o6l24xwp6e7qsibmssjwipihoe,2025-11-10T15:47:58Z,"hip house","Boom.Records",0.781,0.942,11,-4.795,1,0.0599,0.0332,0.83,0.091,0.899,129.958,4
spotify:track:1p0lMyesaiu6CH9iqZna0J,"Match My Mood","Same Day Cleaning","Sammy Virji;Spice;Flowdan",2025-09-19,171521,60,false,31o6l24xwp6e7qsibmssjwipihoe,2025-11-10T15:47:58Z,"uk garage,bassline,bass house,house,dancehall,soca,shatta,ragga,drum and bass,grime","Capitol Records UK",0.81,0.726,7,-7.112,0,0.0508,0.0645,0.00448,0.372,0.669,135.991,4
spotify:track:6wMs3sDl0VydlH0xKg1YGy,"Peach","Shield","salute;Sammy Virji",2023-05-05,345310,21,false,31o6l24xwp6e7qsibmssjwipihoe,2025-11-10T15:47:58Z,"uk garage,stutter house,bassline,bass house,house","Technicolour",0.865,0.664,1,-7.472,1,0.1,0.0109,0.885,0.234,0.653,135.011,4
spotify:track:3wFaYcfGnMDCGBBFgxsHur,"Believing","Believing","Sammy Virji",2018-12-28,329145,32,false,31o6l24xwp6e7qsibmssjwipihoe,2025-11-10T15:47:58Z,"uk garage,bassline,bass house,house","Sammy Virji",0.644,0.728,9,-5.609,0,0.107,0.00892,0.00753,0.589,0.389,130.018,4
spotify:track:1yIi7qRdybE4yY1V0YdOKG,"Find My Way Home","Find My Way Home","Sammy Virji",2018-12-12,258858,61,false,31o6l24xwp6e7qsibmssjwipihoe,2025-11-10T15:47:58Z,"uk garage,bassline,bass house,house","Sammy Virji",0.726,0.728,6,-7.381,1,0.259,0.116,0.0000566,0.061,0.504,136.09,4
spotify:track:14fIlfcmFPlj4V2IazeJ25,"Take It","Take It","Dom Dolla",2018-07-27,234440,61,false,31o6l24xwp6e7qsibmssjwipihoe,2025-11-10T15:47:58Z,"house,tech house","RCA Records Label",0.851,0.742,0,-6.126,1,0.0377,0.0259,0.256,0.111,0.236,123.033,4
spotify:track:1Gz2E1chOzRyhFXHJYWw8y,"Pump the Brakes","Pump the Brakes","Dom Dolla",2021-03-26,220581,53,false,31o6l24xwp6e7qsibmssjwipihoe,2025-11-10T15:47:58Z,"house,tech house","RCA Records Label",0.813,0.668,8,-6.834,1,0.096,0.00673,0.0912,0.362,0.495,124.01,4
spotify:track:1GL7vwDnPqCnJ2xGNxNLwG,"These Nights","These Nights","Loud Luxury;KIDDO",2022-07-08,132417,58,false,31o6l24xwp6e7qsibmssjwipihoe,2025-11-10T15:47:58Z,"","Armada Music",0.643,0.714,2,-5.504,0,0.0486,0.00444,0.00000285,0.146,0.205,120.027,4
spotify:track:37iVjhBGNBnxVSuF67TX0H,"Cyanide","MINDFULL","NGHTMRE;Viperactive;JT Roach",2025-08-29,186000,52,false,31o6l24xwp6e7qsibmssjwipihoe,2025-11-10T15:47:58Z,"dubstep,edm,edm trap,riddim,bass music,deathstep,melodic bass,future bass","BMG Rights Management (US) LLC",0.584,0.898,2,-4.772,1,0.044,0.000495,0.497,0.163,0.14,140,4
spotify:track:253hNdYwpTLBlMpgm2RYIQ,"THE POWER!","THE POWER!","Juelz",2023-03-31,164186,13,false,31o6l24xwp6e7qsibmssjwipihoe,2025-11-10T15:47:58Z,"edm trap,future bass","Sable Valley Records",0.524,0.99,10,-2.086,0,0.0638,0.0000702,0.725,0.745,0.326,129.024,4
spotify:track:6dyfsauAoa5qN0tj9JKamE,"My Gasoline","My Gasoline","Maddix;Fēlēs",2023-08-18,236999,65,true,31o6l24xwp6e7qsibmssjwipihoe,2025-11-10T15:47:58Z,"big room,hard techno,techno,acid techno,hypertechno","EXTATIC Records",0.65,0.983,7,-7.574,1,0.0618,0.0536,0.684,0.323,0.464,139.991,4
spotify:track:0nRYjxQQCzMVyjgpTtKjLt,"crystallized (feat. Inéz) - Subtronics Remix","crystallized (feat. Inéz) - Subtronics Remix","John Summit;Subtronics;Inéz",2025-11-07,215111,66,false,31o6l24xwp6e7qsibmssjwipihoe,2025-11-10T15:47:58Z,"house,tech house,riddim,dubstep,edm,deathstep,bass music,dub,techno","Experts Only/Darkroom Records",0.419,0.879,1,-3.472,1,0.381,0.0433,0.00000395,0.0972,0.0398,135.049,4
spotify:track:60zIis3BtyfNQFEucmDvE7,"","","",0000,0,0,false,31o6l24xwp6e7qsibmssjwipihoe,2025-11-10T15:47:58Z,"","",0.737,0.795,8,-3.919,0,0.0309,0.00291,0.00589,0.108,0.26,138.013,4
spotify:track:2wFtyKBQMZ4qolMLS2x3VZ,"Nightrealm","Nightrealm","ISOxo",2021-09-24,196800,31,false,31o6l24xwp6e7qsibmssjwipihoe,2025-11-10T15:47:58Z,"bass house,edm trap,edm","Sable Valley Records",0.515,0.998,2,-0.983,1,0.0851,0.00652,0.786,0.315,0.281,150,4
spotify:track:22mek4IiqubGD9ctzxc69s,"How Deep Is Your Love","How Deep Is Your Love","Calvin Harris;Disciples",2015-07-17,212495,76,false,31o6l24xwp6e7qsibmssjwipihoe,2025-11-10T15:47:58Z,"edm,house","Columbia",0.738,0.868,11,-4.373,0,0.0731,0.0392,0.00169,0.388,0.336,122.003,4
spotify:track:26nkhnJx0dFWP6YiF07QoZ,"talk!","THANK U 4 RAVING","CAB",2025-10-31,140416,6,false,31o6l24xwp6e7qsibmssjwipihoe,2025-11-10T15:47:58Z,"edm trap","XDM",0.508,0.99,1,-1.451,1,0.094,0.00144,0.165,0.297,0.655,143.933,4
spotify:track:13epcBWtRTdyiBHhfdimrI,"Swept Away","Swept Away","Hutcher;Cecelia",2025-09-12,167518,36,false,31o6l24xwp6e7qsibmssjwipihoe,2025-11-10T15:47:58Z,"uk garage,rally house,bassline,drum and bass,bass house","So Skint. Records",0.862,0.778,1,-5.05,1,0.29,0.0249,0.00668,0.0356,0.822,139.044,4
spotify:track:7lNxQksP0anFNGEq8zsjMS,"Damager","Damager","Sammy Virji;Interplanetary Criminal",2024-11-15,224591,61,false,31o6l24xwp6e7qsibmssjwipihoe,2025-11-10T15:47:58Z,"uk garage,bassline,bass house,house,breakbeat","Capitol Records UK",0.819,0.957,7,-6.331,1,0.264,0.00434,0.000648,0.36,0.59,137.998,4
spotify:track:2zlDtXQorGWTSTyxuZvOxM,"dance or dead","nolimit","Knock2;MILLI",2025-01-17,173413,41,true,31o6l24xwp6e7qsibmssjwipihoe,2025-11-10T15:47:58Z,"bass house,edm,bassline,t-pop,thai pop,thai hip hop,thai trap","88rising Music",0.474,0.981,4,-2.978,0,0.161,0.0822,0.00757,0.92,0.477,124.918,4
spotify:track:5Gyk61VF5P3eIJ1dZwI7nh,"party! (dance alone)","nolimit","Knock2;Riovaz;cade clair",2025-01-17,160427,42,false,31o6l24xwp6e7qsibmssjwipihoe,2025-11-10T15:47:58Z,"bass house,edm,bassline,hyperpop,jersey club","88rising Music",0.695,0.805,2,-5.709,1,0.0342,0.00182,0.00661,0.0593,0.41,128.031,4
spotify:track:1Gm9mRYaqU7VpJBsZsWbgQ,"TWOSTEP","TWOSTEP","Riordan",2025-04-25,192727,59,false,31o6l24xwp6e7qsibmssjwipihoe,2025-11-10T15:47:58Z,"tech house,uk garage,latin house,house","Insomniac Records",0.685,0.859,1,-7.661,1,0.0383,0.126,0.483,0.298,0.708,132.009,4
spotify:track:4613nvw3ll31NrUW5TCuSW,"Vibration","Vibration","Holy Goof",2024-03-22,230977,20,false,31o6l24xwp6e7qsibmssjwipihoe,2025-11-10T15:47:58Z,"bassline,bass house,drum and bass","HGMusic",0.541,0.988,0,-1.582,1,0.0491,0.0000644,0.731,0.417,0.254,132.972,4
spotify:track:1z6pTKnrEpokcfwked9cNx,"I'm Not Alone - MPH Remix","I'm Not Alone (MPH Remix)","Calvin Harris;MPH",2025-08-08,213333,67,false,31o6l24xwp6e7qsibmssjwipihoe,2025-11-10T15:47:58Z,"edm,uk garage,bassline,bass house,rally house","Columbia",0.749,0.96,6,-4.204,1,0.0881,0.00799,0.721,0.156,0.0589,135.025,4
spotify:track:3byUZlK92WkW5Fd5pd1406,"MOVE YOUR BODY","AFTERWORK","Angrybaby",2024-10-11,158899,23,false,31o6l24xwp6e7qsibmssjwipihoe,2025-11-10T15:47:58Z,"stutter house","TH3RD BRAIN",0.619,0.828,10,-6.752,0,0.0391,0.0289,0.351,0.161,0.632,142.02,4
spotify:track:3DSN6tmXnHlMAPNYLbKwTl,"I LIKE YOU","I LIKE YOU","Angrybaby",2025-11-07,132857,58,false,31o6l24xwp6e7qsibmssjwipihoe,2025-11-10T15:47:58Z,"stutter house","TH3RD BRAIN",0.828,0.754,3,-7.21,1,0.102,0.145,0.49,0.0879,0.457,139.981,4
spotify:track:2QKyJTx9MeKu5DTXiLv5ve,"Youthful Kids","Youthful Kids","it's murph",2023-04-21,179844,59,false,31o6l24xwp6e7qsibmssjwipihoe,2025-11-10T15:47:58Z,"stutter house,house","Sonic Café",0.61,0.848,8,-7.371,0,0.0419,0.0261,0.467,0.101,0.113,127.003,4
spotify:track:1gRQxbfL4ULWyTosgXSbWT,"You Little Beauty","You Little Beauty","FISHER",2019-05-10,206587,64,false,31o6l24xwp6e7qsibmssjwipihoe,2025-11-10T15:47:58Z,"tech house,house","Catch & Release/Astralwerks",0.926,0.951,6,-5.531,0,0.0924,0.00232,0.452,0.313,0.918,123.987,4
spotify:track:3gVks4tc3TzqQYdDCPj7f2,"Moonlight","Moonlight","Sammy Virji",2024-01-19,346030,44,false,31o6l24xwp6e7qsibmssjwipihoe,2025-11-10T15:47:58Z,"uk garage,bassline,bass house,house","Capitol Records UK",0.889,0.654,10,-6.749,0,0.209,0.191,0.849,0.477,0.405,135.052,4
spotify:track:39glDGcpBhLVMSsQhvtqHR,"I Only Smoke When I Drink","I Only Smoke When I Drink","nimino",2024-08-22,198425,77,false,31o6l24xwp6e7qsibmssjwipihoe,2025-11-10T15:47:58Z,"stutter house,melodic house","Counter Records",0.88,0.729,11,-6.378,0,0.176,0.334,0.0113,0.185,0.246,127.028,4
spotify:track:5Hijdt7rmbj9fUJdXEs6Nz,"(It Goes Like) Nanana","(It Goes Like) Nanana","Peggy Gou",2023-09-29,367613,62,false,31o6l24xwp6e7qsibmssjwipihoe,2025-11-10T15:47:58Z,"","XL Recordings",0.676,0.884,7,-6.16,0,0.0387,0.0546,0.599,0.0318,0.963,130,4
spotify:track:3IdN6RaoBu9L0fwGwfrJ5B,"Her Eyes","Her Eyes","Charlie Jeer",2024-08-15,215476,70,false,31o6l24xwp6e7qsibmssjwipihoe,2025-11-10T15:47:58Z,"jazz house","Charlie Jeer",0.801,0.478,2,-13.053,0,0.139,0.455,0.126,0.112,0.246,125.986,4
spotify:track:32fmwlkq7srmOAb5N0vdyj,"Echo","Echo","RSCL;Repiet;Julia Kleijn",2023-08-11,134400,67,false,31o6l24xwp6e7qsibmssjwipihoe,2025-11-10T16:08:36Z,"stutter house,house","Gemstone Records",0.702,0.878,1,-6.734,0,0.0394,0.242,0.695,0.0988,0.111,124.996,3
spotify:track:5HGxLtYxTriF7mMiriSpaz,"You Were Right","Bloom","RÜFÜS DU SOL",2016-01-22,239417,74,false,31o6l24xwp6e7qsibmssjwipihoe,2025-11-10T16:31:10Z,"","Sweat It Out",0.708,0.793,5,-5.426,0,0.0342,0.0136,0.00221,0.118,0.734,122.006,4
spotify:track:0wxTRwLLWJnmA8aCLdHFc1,"The Afterglow","PLAY","RL Grime",2023-09-15,194430,14,false,31o6l24xwp6e7qsibmssjwipihoe,2025-11-11T03:09:46Z,"edm trap","Sable Valley Records",0.683,0.883,10,-4.514,0,0.101,0.0242,0.803,0.123,0.102,158.018,4
spotify:track:3nPwkr8RE4VfhF80fyDVXJ,"OK OK","OK OK","Fred again..;Danny Brown;BEAM;PARISI;JPEGMAFIA",2025-10-10,206197,64,false,31o6l24xwp6e7qsibmssjwipihoe,2025-11-11T03:37:34Z,"stutter house,house,experimental hip hop,alternative hip hop,melodic techno,experimental","Atlantic Records UK",0.703,0.806,2,-6.641,1,0.0682,0.00343,0.0262,0.256,0.484,142.01,4
spotify:track:0nD1ddzxpTjcYlGh8GCLsh,"Baiana - Club Mix","Baiana (Club Mix)","Matt Sassari;CHRSTPHR;Barbatuques",2025-05-02,206250,61,false,31o6l24xwp6e7qsibmssjwipihoe,2025-11-11T20:04:09Z,"tech house,latin house","Cr2 Records",0.787,0.707,2,-4.297,1,0.052,0.00567,0.066,0.0348,0.351,128.005,4
spotify:track:4NeOgs4DIEEqaJibKVb5B6,"Jungle","Jungle","Corey James;MORGANJ;Tyoz",2025-10-17,198500,37,false,31o6l24xwp6e7qsibmssjwipihoe,2025-11-11T20:05:12Z,"progressive house,big room,melbourne bounce,future house,bass house,melodic techno","SIZE Records",0.586,0.976,1,-4.146,0,0.0442,0.000499,0.727,0.38,0.659,128.019,4
spotify:track:6JjSoJ2laV4ZbKNb9nybvh,"MAMI","MAMI","Chris Lorenzo;Cobrah",2022-07-22,247896,57,true,31o6l24xwp6e7qsibmssjwipihoe,2025-11-12T18:04:07Z,"bass house,bassline,house,tech house,g-house,ballroom vogue,hyperpop","Late Checkout",0.758,0.944,3,-4.901,0,0.0623,0.0308,0.103,0.0438,0.826,126.022,4
spotify:track:6zDkk2KqakCMWhLPZBDVPQ,"BLIND (RAVE MIX)","BLIND (RAVE MIX)","ISOKNOCK;ISOxo;Knock2;Araya;Sur Back",2025-05-19,211200,49,false,31o6l24xwp6e7qsibmssjwipihoe,2025-11-12T18:46:24Z,"bass house,edm trap,edm,bassline","88rising Music",0.478,0.997,6,-0.15,1,0.0496,0.00137,0.0193,0.5,0.451,150.006,4
spotify:track:3TK38gAUqJU2Hk6q1U1kGc,"crystallized (feat. Inéz)","crystallized (feat. Inéz) - Subtronics Remix","John Summit;Inéz",2025-11-07,217646,49,false,31o6l24xwp6e7qsibmssjwipihoe,2025-11-12T19:11:21Z,"house,tech house","Experts Only/Darkroom Records",0.53,0.849,1,-4.725,1,0.0867,0.00941,0.0000329,0.126,0.281,128.001,4
spotify:track:7J3YKBt70o8iB3UXGtUiho,"I Wanna Go - John Summit Remix","I Wanna Go - John Summit Remix","John Summit;Britney Spears",2025-10-17,163478,72,false,31o6l24xwp6e7qsibmssjwipihoe,2025-11-12T19:11:37Z,"house,tech house,pop","Experts Only/Darkroom Records",0.691,0.947,2,-3.113,0,0.0443,0.00932,0.000488,0.387,0.275,138.01,4
spotify:track:2K1Grx3at2GH9ErGX1o9NV,"Whiplash","Whiplash","Crankdat;SOFI",2025-03-14,195114,56,false,31o6l24xwp6e7qsibmssjwipihoe,2025-11-12T19:12:30Z,"dubstep,riddim,deathstep,edm","CRANKDAT MUSIC",0.752,0.995,11,-1.273,1,0.0925,0.0276,0.0843,0.386,0.527,128.005,4
spotify:track:46WqNBxyjLaxbHMM4BKTA2,"PUT IT DOWN - Jkyl & Hyde Remix","PUT IT DOWN (Jkyl & Hyde Remix)","Angrybaby;Jkyl & Hyde",2025-05-16,194782,57,false,31o6l24xwp6e7qsibmssjwipihoe,2025-11-12T19:13:06Z,"stutter house,riddim,deathstep,dubstep,bass music","TH3RD BRAIN",0.738,0.913,6,-3.3,0,0.1,0.183,0.00878,0.155,0.496,138.006,4
spotify:track:4rePkL5SpoLvbwRPzTvEM8,"POP OUT","POP OUT","InntRaw;Lil Pump;KABU",2025-10-24,196615,55,true,31o6l24xwp6e7qsibmssjwipihoe,2025-11-12T19:15:20Z,"","TH3RD BRAIN",0.862,0.673,11,-5.496,0,0.0387,0.359,0.00202,0.338,0.696,130.061,4
spotify:track:3735IbHUCxuu9HLVfgaI4A,"Freak Get Nasty","Freak Get Nasty","Milo-G",2025-10-17,188769,21,false,31o6l24xwp6e7qsibmssjwipihoe,2025-11-13T15:45:03Z,"","3 Beat Music",0.685,0.974,10,-4.94,1,0.0532,0.00956,0.27,0.385,0.482,130.003,4
spotify:track:3B1Je3rlEac3p4ikYW13zw,"Define","Define","Dom Dolla;Go Freek",2015-07-24,232129,64,false,31o6l24xwp6e7qsibmssjwipihoe,2025-11-13T17:46:10Z,"house,tech house,future house","Sweat It Out",0.405,0.808,0,-3.867,0,0.0355,0.18,0.000412,0.133,0.32,122.043,4
spotify:track:26xlCgHpcF4GE0FFVsS6Oy,"Fly Kicks - Wax Motif Remix","Night Bass Remixed Vol. 1","AC Slater;Chris Lorenzo;Wax Motif",2017-07-07,278400,48,false,31o6l24xwp6e7qsibmssjwipihoe,2025-11-13T17:46:31Z,"bass house,bassline,g-house,uk garage,house,tech house","Night Bass Records",0.897,0.692,11,-4.985,0,0.0492,0.0187,0.725,0.0603,0.607,125.023,4
spotify:track:62bjfb5YMLvZU44vfjJVxp,"BEATS FOR THE UNDERGROUND","BEATS FOR THE UNDERGROUND","Mau P",2024-01-26,214527,59,false,31o6l24xwp6e7qsibmssjwipihoe,2025-11-13T17:53:21Z,"tech house,house","Repopulate Mars",0.746,0.978,10,-4.879,0,0.0644,0.0211,0.00939,0.112,0.659,125.99,4
spotify:track:1U3nHai9ueJCuEXbf8TvBA,"Lithium","Diffusion","Odd Mob",2017-02-13,193432,52,false,31o6l24xwp6e7qsibmssjwipihoe,2025-11-13T17:54:33Z,"tech house,bass house","Tinted Records",0.795,0.836,7,-5.412,0,0.0486,0.00702,0.546,0.319,0.736,133.995,4
spotify:track:6jNM6fKx3WnyHbWBI9hs2r,"Cinema (feat. Gary Go) - Skrillex Remix","Electroman","Benny Benassi;Gary Go;Skrillex",2011-06-07,307986,63,false,31o6l24xwp6e7qsibmssjwipihoe,2025-11-13T17:56:11Z,"electro house,dubstep,edm,electro,electronic","Ultra Records, LLC",0.636,0.983,6,-3.807,0,0.173,0.00901,0.00783,0.0683,0.434,145.077,4
spotify:track:627JZ3dVd88Xc5IoHOeNT5,"Stop It","Oi Oi","FISHER",2017-11-10,163790,63,false,31o6l24xwp6e7qsibmssjwipihoe,2025-11-13T17:56:41Z,"tech house,house","DIRTYBIRD",0.859,0.824,8,-7.207,1,0.0512,0.0242,0.66,0.205,0.882,124.015,4
spotify:track:2AJzSl2iYq7Thk2P535MwI,"Diet Coke","Diet Coke","Fallon",2025-10-10,155624,63,false,31o6l24xwp6e7qsibmssjwipihoe,2025-11-13T18:04:19Z,"tech house,latin house,stutter house","Experts Only",0.826,0.628,9,-6.479,1,0.0483,0.0905,0.0633,0.123,0.609,128.003,4
spotify:track:3f5LJiAEHHZtW8bzF4qpNr,"I Got Feelings","I Got Feelings","Twin Diplomacy",2025-05-02,153321,56,false,31o6l24xwp6e7qsibmssjwipihoe,2025-11-13T18:05:51Z,"stutter house","All Ways Dance",0.803,0.767,1,-8.335,1,0.0537,0.00527,0.352,0.0657,0.882,128.004,4
spotify:track:1OcV53oesLQw3VTW9I3uD3,"Waterfalls (feat. Sam Harper & Bobby Harvey)","Waterfalls (feat. Sam Harper & Bobby Harvey)","James Hype;Sam Harper;Bobby Harvey",2025-08-08,120578,79,false,31o6l24xwp6e7qsibmssjwipihoe,2025-11-13T18:14:01Z,"house,tech house","Universal-Island Records Ltd.",0.604,0.801,6,-4.167,0,0.0668,0.049,0.00000629,0.169,0.528,138.072,4
spotify:track:5pDCSfBNQd7Vvuq5u8RH5q,"Waterfalls (feat. Sam Harper & Bobby Harvey) [Ely Oaks Remix]","Waterfalls (feat. Sam Harper & Bobby Harvey) [Ely Oaks Remix]","James Hype;Sam Harper;Bobby Harvey;Ely Oaks",2025-10-03,111003,61,false,31o6l24xwp6e7qsibmssjwipihoe,2025-11-13T18:14:12Z,"house,tech house,hypertechno","Universal-Island Records Ltd.",0.702,0.797,10,-3.704,1,0.131,0.00582,0.00201,0.258,0.871,152.01,4
spotify:track:65EYuG8lnsb3j07SK2vHkf,"Pretty Face","Pretty Face","Mathias Trengereid",2025-08-29,123882,31,false,31o6l24xwp6e7qsibmssjwipihoe,2025-11-13T19:04:34Z,"","Mattiz Records",0.605,0.975,5,-5.26,0,0.187,0.00123,0.182,0.569,0.75,160.145,4
spotify:track:0l7cfP9dZBrkkNkR7NXnQO,"Gimme That Bounce","Gimme That Bounce","Mau P",2023-01-27,217410,44,false,31o6l24xwp6e7qsibmssjwipihoe,2025-11-13T22:05:36Z,"tech house,house","Intercord",0.798,0.96,8,-5.538,1,0.261,0.0267,0.846,0.0988,0.0981,126.041,4
spotify:track:2AYTZMZbdMyJUACcOK2MBA,"On The Trigga","On The Trigga","AKUL;Mantra",2025-10-31,132812,18,false,31o6l24xwp6e7qsibmssjwipihoe,2025-11-13T22:12:06Z,"uk garage,melodic bass","Putyouon Music Group",0.743,0.969,4,-4.193,0,0.0476,0.161,0.905,0.536,0.949,140.023,4
spotify:track:5wdAiwQ6QsqH6tHWcE76qM,"Boiling Room","Boiling Room","Tony Romera",2023-10-27,180000,39,false,31o6l24xwp6e7qsibmssjwipihoe,2025-11-14T00:06:03Z,"bass house,tech house,g-house","COCO",0.837,0.951,9,-5.758,0,0.107,0.0425,0.277,0.137,0.781,128.019,4
spotify:track:2OZrV4yyOZNuEFx22VVfFm,"I Remember (Strobelight Edit)","Strobelite Seduction","deadmau5;Kaskade",2008,283040,53,false,31o6l24xwp6e7qsibmssjwipihoe,2025-11-14T00:52:36Z,"edm,progressive house,dubstep","Ultra Records, LLC",0.664,0.589,11,-7.235,0,0.0312,0.171,0.00346,0.112,0.489,127.981,4
spotify:track:3QP7mRp4nZh8ZRaQqMRfcl,"Nice & Close","Nice & Close","Jend;Paccu;TWOMOVE",2025-10-16,122569,54,false,31o6l24xwp6e7qsibmssjwipihoe,2025-11-14T03:20:54Z,"stutter house","Mosaic Records",0.805,0.774,8,-7.309,1,0.05,0.000181,0.764,0.0902,0.769,125.994,4
spotify:track:0aV8h20tj1SGoAeBIgHwuR,"Walk With It (La La La) - Radio Edit","Walk With It (La La La) [Radio Edit]","Robert Dani",2024-03-01,170322,47,false,31o6l24xwp6e7qsibmssjwipihoe,2025-11-14T03:38:07Z,"","Two Heartz Records.",0.635,0.911,6,-6.469,0,0.0365,0.01,0.823,0.126,0.78,124.01,4
spotify:track:67rW0Zl7oB3qEpD5YWWE5w,"Still Get Like That (ft. Project Pat & Starrah)","d00mscrvll, Vol. 1","Diplo;Project Pat;Starrah;d00mscrvll",2025-10-31,101769,46,true,31o6l24xwp6e7qsibmssjwipihoe,2025-11-14T03:44:41Z,"moombahton,southern hip hop,crunk,gangster rap","d00mscrvll",0.703,0.813,9,-3.354,1,0.0502,0.117,0.0123,0.156,0.164,129.888,4
spotify:track:0u66zPJ2e2QDiuwwdyFDIG,"No Type","No Type","HAYDO",2025-10-03,156021,67,true,31o6l24xwp6e7qsibmssjwipihoe,2025-11-14T03:46:33Z,"","HAYDO",0.766,0.778,2,-4.302,1,0.0372,0.0117,0.00162,0.135,0.428,136.967,4
spotify:track:247zmDd4jyqnp6IkMcrdva,"everybody","everybody","DANN;Desmond",2025-07-11,184347,34,false,31o6l24xwp6e7qsibmssjwipihoe,2025-11-14T03:50:22Z,"uk garage,breakbeat,disco house","Fish Tapes",0.619,0.609,7,-6.028,0,0.243,0.197,0.111,0.109,0.29,137.635,4
spotify:track:2JdaeCn13gFyZ9OGmfz1Vu,"PAYPHONE","PAYPHONE","DON JB",2025-10-29,234240,15,false,31o6l24xwp6e7qsibmssjwipihoe,2025-11-15T04:30:32Z,"","Heat sink",0.905,0.575,2,-7.206,1,0.0551,0.0997,0.191,0.078,0.516,125.007,4
spotify:track:7cSuXSwwr7xcNh8BpO1o9V,"EQ (Dance For Me)","Dance For Me EP","LIGHTLEAK",2025-11-14,177711,29,false,31o6l24xwp6e7qsibmssjwipihoe,2025-11-15T19:38:05Z,"tech house","PVCLB",0.757,0.931,1,-6.886,1,0.0403,0.000179,0.00216,0.0362,0.421,130.999,4
spotify:track:7JHkJ5mDS868b5j5h67cwL,"Coming Up (It’s Dare)","Coming Up (It’s Dare)","Odd Mob;OMNOM;HYPERBEAM",2025-11-14,180895,55,false,31o6l24xwp6e7qsibmssjwipihoe,2025-11-17T00:43:06Z,"tech house,bass house","QueensRoadMusic/Atlantic",0.587,0.817,2,-4.718,0,0.0397,0.00796,0.00112,0.633,0.0844,134.049,4
spotify:track:2qRKTg13LJGHO4fmQTWT7x,"You Give Me A Feeling","You Give Me A Feeling","Vintage Culture;James Hype",2021-11-12,185896,67,false,31o6l24xwp6e7qsibmssjwipihoe,2025-11-17T01:58:30Z,"brazilian bass,electronic,electro,house,tech house","Insomniac Records",0.761,0.867,2,-6.168,1,0.0499,0.259,0.615,0.0689,0.679,126.03,4
spotify:track:2H9SdFmXgiHM5MhwLOuBm3,"Ménage À Trois","Ménage À Trois","SIDEPIECE;Barney Bones",2025-02-14,175600,57,false,31o6l24xwp6e7qsibmssjwipihoe,2025-11-17T01:58:47Z,"tech house,edm","Catch & Release",0.815,0.832,10,-4.846,0,0.0679,0.00212,0.0583,0.121,0.728,127.996,4
spotify:track:7JdiXX87BugXUDhQ89GEc8,"Deep End - SIDEPIECE Remix","Deep End (SIDEPIECE Remix)","John Summit;SIDEPIECE",2020-10-16,196666,52,false,31o6l24xwp6e7qsibmssjwipihoe,2025-11-17T01:59:27Z,"house,tech house,edm","Three Six Zero Recordings",0.763,0.665,11,-9.063,0,0.0807,0.122,0.0112,0.476,0.422,126.025,4
spotify:track:1tZU79ddZvTrsXqqcfMTX3,"HOME BWOI","HOME BWOI","Robustt",2025-09-26,222000,39,false,31o6l24xwp6e7qsibmssjwipihoe,2025-11-17T03:35:38Z,"uk garage,bassline,g-house","So Skint. Records",0.806,0.971,5,-5.462,0,0.165,0.00124,0.126,0.11,0.527,139.996,4
spotify:track:22SzMvhToJWZexiQ1WBT79,"Edge of Desire - Extended Mix","Edge of Desire","Jonas Blue;Malive",2025-07-18,252736,57,false,31o6l24xwp6e7qsibmssjwipihoe,2025-11-17T03:37:47Z,"tropical house,brazilian hip hop,brazilian bass","Defected Records",0.814,0.733,9,-7.432,0,0.052,0.034,0.902,0.0956,0.594,123.015,4
spotify:track:1tFT4KipEignNhrtDNrmVc,"Perfect (it could be)","Perfect (it could be)","Kid Kobe",2025-10-17,200571,24,false,31o6l24xwp6e7qsibmssjwipihoe,2025-11-17T03:40:22Z,"","Kid Kobe",0.721,0.766,11,-6.459,0,0.192,0.147,0.00507,0.147,0.515,139.987,4
spotify:track:6qJhrI2BMuA8qHcmycD3fL,"TESLA","TESLA","Mau P",2025-08-08,186818,66,true,31o6l24xwp6e7qsibmssjwipihoe,2025-11-19T03:49:51Z,"tech house,house","Insomniac Records",0.757,0.792,10,-5.507,1,0.044,0.000344,0.864,0.0663,0.708,132.014,4
spotify:track:0OSKN4D9kXEunDf89augTt,"FADED","FADED","HAYLA;Nelly Furtado",2025-11-14,215649,57,false,31o6l24xwp6e7qsibmssjwipihoe,2025-11-19T03:53:01Z,"","Casablanca new/Republic Records",0.764,0.813,9,-5.18,0,0.0975,0.031,0.000478,0.0538,0.651,128.003,4
